Geography,Group Name,Group Category,Estimate (%),95% CI (%)
Pennsylvania,Age,18 – 49 years,76.4,71.9 - 80.9
Nevada,Age,18 – 49 years,76.7,71.9 - 81.5
Puerto Rico,Age,18 – 49 years,97.0,95.0 - 98.9
New Mexico,Age,18 – 49 years,79.7,75.5 - 84.0
Virginia,Age,18 – 49 years,86.3,82.6 - 90.0
Kansas,Age,18 – 49 years,65.5,59.1 - 71.9
Louisiana,Age,18 – 49 years,67.8,62.3 - 73.4
Arkansas,Age,18 – 49 years,67.4,61.1 - 73.7
Mississippi,Age,18 – 49 years,60.0,52.8 - 67.2
Colorado,Age,18 – 49 years,78.6,74.5 - 82.8
Minnesota,Age,18 – 49 years,76.1,71.0 - 81.2
Delaware,Age,18 – 49 years,80.2,74.8 - 85.6
South Dakota,Age,18 – 49 years,68.5,62.5 - 74.6
Indiana,Age,18 – 49 years,65.4,59.5 - 71.3
Nebraska,Age,18 – 49 years,67.3,61.3 - 73.4
Idaho,Age,18 – 49 years,68.4,61.0 - 75.8
Wyoming,Age,18 – 49 years,60.5,54.8 - 66.3
Oklahoma,Age,18 – 49 years,63.3,58.3 - 68.4
Hawaii,Age,18 – 49 years,85.3,80.7 - 89.9
Alabama,Age,18 – 49 years,62.6,57.1 - 68.1
Rhode Island,Age,18 – 49 years,86.3,80.8 - 91.8
Florida,Age,18 – 49 years,76.5,70.3 - 82.7
District of Columbia,Age,18 – 49 years,90.5,87.1 - 93.8
Missouri,Age,18 – 49 years,69.5,62.7 - 76.4
West Virginia,Age,18 – 49 years,67.1,61.5 - 72.6
North Dakota,Age,18 – 49 years,65.4,59.3 - 71.4
Guam,Age,18 – 49 years,92.0,86.9 - 97.2
California,Age,18 – 49 years,83.3,78.9 - 87.7
Maryland,Age,18 – 49 years,90.4,86.5 - 94.3
Wisconsin,Age,18 – 49 years,74.4,68.0 - 80.8
Vermont,Age,18 – 49 years,82.5,75.3 - 89.8
Illinois,Age,18 – 49 years,80.2,76.6 - 83.8
Montana,Age,18 – 49 years,64.4,58.8 - 70.0
New Hampshire,Age,18 – 49 years,76.7,70.8 - 82.5
Texas,Age,18 – 49 years,75.6,71.3 - 79.8
Georgia,Age,18 – 49 years,70.9,64.0 - 77.9
Maine,Age,18 – 49 years,80.3,75.1 - 85.4
Washington,Age,18 – 49 years,88.9,84.4 - 93.4
Arizona,Age,18 – 49 years,74.6,69.3 - 79.8
Iowa,Age,18 – 49 years,64.0,57.3 - 70.7
Massachusetts,Age,18 – 49 years,91.2,88.0 - 94.3
New York,Age,18 – 49 years,84.9,81.6 - 88.2
Utah,Age,18 – 49 years,87.1,82.2 - 92.0
Tennessee,Age,18 – 49 years,68.2,61.5 - 74.8
Oregon,Age,18 – 49 years,84.1,79.6 - 88.6
Michigan,Age,18 – 49 years,74.4,68.0 - 80.8
Connecticut,Age,18 – 49 years,84.1,76.5 - 91.7
South Carolina,Age,18 – 49 years,64.2,58.6 - 69.8
Kentucky,Age,18 – 49 years,72.0,66.4 - 77.6
North Carolina,Age,18 – 49 years,74.7,69.7 - 79.7
Alaska,Age,18 – 49 years,77.0,70.0 - 84.1
Ohio,Age,18 – 49 years,70.9,64.0 - 77.9
New Jersey,Age,18 – 49 years,83.3,78.2 - 88.4
NY-City of New York,Age,18 – 49 years,86.8,82.0 - 91.5
TX-City of Houston,Age,18 – 49 years,82.0,78.0 - 86.0
PA-Philadelphia County,Age,18 – 49 years,76.5,68.4 - 84.6
NY-Rest of State,Age,18 – 49 years,83.2,78.6 - 87.9
IL-Rest of state,Age,18 – 49 years,77.6,73.1 - 82.2
TX-Bexar County,Age,18 – 49 years,80.9,76.9 - 84.9
TX-Rest of State,Age,18 – 49 years,74.5,69.5 - 79.5
IL-City of Chicago,Age,18 – 49 years,88.2,84.1 - 92.3
PA-Rest of State,Age,18 – 49 years,76.4,71.3 - 81.4
Delaware,Age,50 – 64 years,87.8,83.1 - 92.6
South Dakota,Age,50 – 64 years,75.9,69.5 - 82.2
District of Columbia,Age,50 – 64 years,95.9,92.3 - 99.4
Virginia,Age,50 – 64 years,86.4,81.3 - 91.5
Guam,Age,50 – 64 years,97.1,94.2 - 100.0
Missouri,Age,50 – 64 years,82.5,74.7 - 90.4
North Carolina,Age,50 – 64 years,80.2,73.6 - 86.7
Florida,Age,50 – 64 years,80.4,72.4 - 88.5
Alabama,Age,50 – 64 years,81.7,76.1 - 87.3
Nebraska,Age,50 – 64 years,80.9,73.5 - 88.4
Georgia,Age,50 – 64 years,75.6,66.5 - 84.7
Iowa,Age,50 – 64 years,86.6,79.4 - 93.9
New Jersey,Age,50 – 64 years,90.3,84.5 - 96.0
Wisconsin,Age,50 – 64 years,86.1,78.7 - 93.6
Kentucky,Age,50 – 64 years,76.9,69.6 - 84.2
Pennsylvania,Age,50 – 64 years,85.2,80.2 - 90.3
California,Age,50 – 64 years,89.2,83.6 - 94.7
Wyoming,Age,50 – 64 years,62.3,54.7 - 69.8
Washington,Age,50 – 64 years,95.5,91.8 - 99.1
Puerto Rico,Age,50 – 64 years,94.6,92.0 - 97.2
Hawaii,Age,50 – 64 years,86.6,80.9 - 92.3
Utah,Age,50 – 64 years,82.0,71.4 - 92.7
Massachusetts,Age,50 – 64 years,93.0,89.3 - 96.7
Michigan,Age,50 – 64 years,81.3,73.2 - 89.3
Illinois,Age,50 – 64 years,87.2,83.3 - 91.1
Oregon,Age,50 – 64 years,85.7,79.3 - 92.2
South Carolina,Age,50 – 64 years,78.4,72.1 - 84.7
Maine,Age,50 – 64 years,82.8,76.7 - 89.0
Montana,Age,50 – 64 years,71.8,63.5 - 80.1
Nevada,Age,50 – 64 years,78.0,70.5 - 85.4
Indiana,Age,50 – 64 years,79.7,73.4 - 86.1
Arizona,Age,50 – 64 years,76.8,70.5 - 83.0
Connecticut,Age,50 – 64 years,90.4,82.0 - 98.9
Minnesota,Age,50 – 64 years,85.6,79.3 - 91.9
New Mexico,Age,50 – 64 years,88.1,84.2 - 92.1
Louisiana,Age,50 – 64 years,79.8,73.6 - 85.9
Tennessee,Age,50 – 64 years,68.9,59.2 - 78.6
Alaska,Age,50 – 64 years,78.6,68.8 - 88.4
West Virginia,Age,50 – 64 years,81.1,75.6 - 86.6
New York,Age,50 – 64 years,88.4,84.1 - 92.6
Texas,Age,50 – 64 years,81.6,75.5 - 87.7
Idaho,Age,50 – 64 years,79.3,69.7 - 88.8
New Hampshire,Age,50 – 64 years,85.4,79.4 - 91.4
Maryland,Age,50 – 64 years,92.1,87.4 - 96.7
Kansas,Age,50 – 64 years,86.9,79.9 - 93.8
Oklahoma,Age,50 – 64 years,75.4,69.6 - 81.2
Vermont,Age,50 – 64 years,93.4,85.5 - 100.0
Rhode Island,Age,50 – 64 years,88.5,80.7 - 96.2
Arkansas,Age,50 – 64 years,73.7,65.8 - 81.5
Ohio,Age,50 – 64 years,70.3,60.0 - 80.6
Mississippi,Age,50 – 64 years,83.2,77.2 - 89.2
Colorado,Age,50 – 64 years,87.5,82.4 - 92.5
North Dakota,Age,50 – 64 years,77.6,69.2 - 86.0
NY-City of New York,Age,50 – 64 years,89.0,82.0 - 96.0
IL-Rest of state,Age,50 – 64 years,86.0,81.3 - 90.7
NY-Rest of State,Age,50 – 64 years,88.0,82.5 - 93.4
TX-Bexar County,Age,50 – 64 years,85.2,80.0 - 90.4
PA-Philadelphia County,Age,50 – 64 years,98.8,97.4 - 100.0
TX-City of Houston,Age,50 – 64 years,92.0,88.0 - 96.0
IL-City of Chicago,Age,50 – 64 years,92.8,88.4 - 97.2
TX-Rest of State,Age,50 – 64 years,80.5,73.5 - 87.5
PA-Rest of State,Age,50 – 64 years,83.7,78.0 - 89.3
Indiana,Age,65+ years,89.4,85.1 - 93.6
Louisiana,Age,65+ years,87.6,82.4 - 92.8
Nevada,Age,65+ years,88.7,83.3 - 94.1
Maryland,Age,65+ years,96.6,94.1 - 99.0
Guam,Age,65+ years,92.8,85.2 - 100.0
Oregon,Age,65+ years,92.7,88.1 - 97.3
Kentucky,Age,65+ years,88.4,82.3 - 94.5
Oklahoma,Age,65+ years,86.4,82.0 - 90.8
Vermont,Age,65+ years,98.3,96.5 - 100.0
Connecticut,Age,65+ years,92.5,85.7 - 99.3
Georgia,Age,65+ years,90.2,83.3 - 97.2
Illinois,Age,65+ years,93.4,90.5 - 96.4
District of Columbia,Age,65+ years,97.4,94.6 - 100.0
Florida,Age,65+ years,93.3,88.8 - 97.8
New Hampshire,Age,65+ years,92.4,89.1 - 95.7
Kansas,Age,65+ years,85.5,77.5 - 93.6
Pennsylvania,Age,65+ years,89.3,85.7 - 92.8
South Dakota,Age,65+ years,89.9,86.1 - 93.7
West Virginia,Age,65+ years,87.6,83.0 - 92.2
Rhode Island,Age,65+ years,98.7,96.8 - 100.0
Arizona,Age,65+ years,84.0,77.5 - 90.5
Alabama,Age,65+ years,87.9,83.5 - 92.3
Michigan,Age,65+ years,93.2,88.0 - 98.5
Tennessee,Age,65+ years,89.0,83.2 - 94.8
North Dakota,Age,65+ years,82.3,76.4 - 88.2
Ohio,Age,65+ years,88.6,80.7 - 96.6
Hawaii,Age,65+ years,95.7,92.6 - 98.8
Delaware,Age,65+ years,91.7,87.5 - 95.9
Texas,Age,65+ years,93.2,89.5 - 96.9
Alaska,Age,65+ years,85.4,77.5 - 93.2
Wyoming,Age,65+ years,83.5,78.8 - 88.2
Iowa,Age,65+ years,90.5,84.0 - 97.0
Washington,Age,65+ years,84.6,74.6 - 94.6
Utah,Age,65+ years,84.6,73.3 - 95.9
New Jersey,Age,65+ years,97.6,95.5 - 99.8
Wisconsin,Age,65+ years,82.4,74.1 - 90.7
Colorado,Age,65+ years,90.1,85.0 - 95.2
North Carolina,Age,65+ years,86.8,81.0 - 92.6
Mississippi,Age,65+ years,86.8,81.0 - 92.5
Missouri,Age,65+ years,93.0,88.9 - 97.1
Virginia,Age,65+ years,91.5,87.5 - 95.4
Arkansas,Age,65+ years,91.0,86.4 - 95.6
New Mexico,Age,65+ years,88.6,84.0 - 93.2
Maine,Age,65+ years,93.2,89.5 - 97.0
Montana,Age,65+ years,83.7,78.7 - 88.6
Massachusetts,Age,65+ years,96.0,93.2 - 98.7
New York,Age,65+ years,93.7,90.0 - 97.3
Puerto Rico,Age,65+ years,94.3,91.6 - 97.0
Minnesota,Age,65+ years,89.2,83.9 - 94.5
South Carolina,Age,65+ years,87.6,82.4 - 92.8
Idaho,Age,65+ years,88.1,81.1 - 95.1
Nebraska,Age,65+ years,92.3,87.8 - 96.8
California,Age,65+ years,88.4,82.4 - 94.3
TX-City of Houston,Age,65+ years,91.9,86.7 - 97.2
NY-City of New York,Age,65+ years,95.0,89.1 - 100.0
IL-City of Chicago,Age,65+ years,95.3,89.6 - 100.0
TX-Bexar County,Age,65+ years,92.2,89.0 - 95.4
PA-Rest of State,Age,65+ years,89.6,85.9 - 93.3
TX-Rest of State,Age,65+ years,93.4,89.2 - 97.6
PA-Philadelphia County,Age,65+ years,85.8,73.9 - 97.7
IL-Rest of state,Age,65+ years,93.0,89.7 - 96.4
NY-Rest of State,Age,65+ years,92.9,88.2 - 97.6
Rhode Island,Sex,Male,89.5,84.3 - 94.7
Kentucky,Sex,Male,73.7,67.8 - 79.5
Ohio,Sex,Male,72.1,64.9 - 79.4
Guam,Sex,Male,94.6,91.1 - 98.0
California,Sex,Male,83.7,79.1 - 88.2
Michigan,Sex,Male,82.3,76.5 - 88.1
Connecticut,Sex,Male,86.8,79.5 - 94.1
Florida,Sex,Male,82.8,77.4 - 88.2
Puerto Rico,Sex,Male,94.5,92.2 - 96.7
Georgia,Sex,Male,76.8,70.1 - 83.4
Arizona,Sex,Male,78.1,72.8 - 83.3
Utah,Sex,Male,84.0,77.9 - 90.2
Tennessee,Sex,Male,69.0,62.0 - 76.1
Idaho,Sex,Male,78.4,71.8 - 84.9
Oklahoma,Sex,Female,76.3,72.0 - 80.6
Arizona,Sex,Female,76.3,71.4 - 81.3
Idaho,Sex,Female,73.3,66.3 - 80.3
Kansas,Sex,Female,77.4,71.7 - 83.0
Alaska,Sex,Female,82.6,76.3 - 88.8
Tennessee,Sex,Female,75.6,69.7 - 81.5
Pennsylvania,Sex,Female,84.8,81.4 - 88.2
Delaware,Sex,Female,86.9,82.8 - 91.0
South Dakota,Sex,Female,76.7,71.3 - 82.0
North Dakota,Sex,Female,73.4,67.5 - 79.2
Michigan,Sex,Female,78.8,73.0 - 84.7
New Jersey,Sex,Female,85.9,81.1 - 90.8
Minnesota,Sex,Female,85.3,81.0 - 89.5
Colorado,Sex,Female,86.2,82.5 - 89.9
Connecticut,Sex,Female,88.8,82.6 - 95.0
New York,Sex,Female,90.8,88.1 - 93.6
Iowa,Sex,Female,78.5,72.8 - 84.1
Nebraska,Sex,Female,75.6,70.2 - 81.1
Texas,Sex,Female,83.6,79.7 - 87.5
Alabama,Sex,Female,77.6,72.9 - 82.2
North Carolina,Sex,Female,77.4,72.7 - 82.1
Missouri,Sex,Female,80.5,75.2 - 85.7
Maryland,Sex,Female,92.3,89.1 - 95.5
South Carolina,Sex,Female,77.8,73.2 - 82.5
Virginia,Sex,Female,91.2,88.1 - 94.2
New Hampshire,Sex,Female,87.3,83.1 - 91.5
Arkansas,Sex,Female,76.7,71.2 - 82.3
Hawaii,Sex,Female,87.6,83.2 - 91.9
Wyoming,Sex,Female,69.5,64.3 - 74.7
New Mexico,Sex,Female,85.4,81.8 - 88.9
Oregon,Sex,Female,89.1,85.3 - 92.8
Georgia,Sex,Female,75.0,68.6 - 81.4
Louisiana,Sex,Female,76.8,71.9 - 81.7
West Virginia,Sex,Female,78.1,73.7 - 82.5
Maine,Sex,Female,88.5,84.7 - 92.3
Ohio,Sex,Female,76.8,70.3 - 83.2
Nevada,Sex,Female,80.2,75.3 - 85.1
Mississippi,Sex,Female,73.1,66.9 - 79.3
Florida,Sex,Female,80.7,75.2 - 86.3
Guam,Sex,Female,91.5,85.5 - 97.4
District of Columbia,Sex,Female,95.7,93.1 - 98.2
Vermont,Sex,Female,92.2,87.7 - 96.8
Montana,Sex,Female,77.3,72.4 - 82.2
Wisconsin,Sex,Female,81.4,75.5 - 87.3
Utah,Sex,Female,87.8,82.1 - 93.5
Puerto Rico,Sex,Female,96.9,95.4 - 98.5
California,Sex,Female,87.3,83.2 - 91.4
Washington,Sex,Female,90.6,86.2 - 95.1
Illinois,Sex,Female,87.7,84.9 - 90.5
Massachusetts,Sex,Female,94.4,91.9 - 96.9
Kentucky,Sex,Female,79.5,74.7 - 84.3
Rhode Island,Sex,Female,89.2,84.2 - 94.2
Indiana,Sex,Female,75.3,70.1 - 80.4
TX-Bexar County,Sex,Female,85.7,81.9 - 89.4
TX-Rest of State,Sex,Female,83.3,78.7 - 87.8
IL-City of Chicago,Sex,Female,89.9,85.7 - 94.1
PA-Rest of State,Sex,Female,85.0,81.3 - 88.8
IL-Rest of state,Sex,Female,87.1,83.7 - 90.5
NY-Rest of State,Sex,Female,91.8,88.5 - 95.1
PA-Philadelphia County,Sex,Female,83.1,76.2 - 90.0
TX-City of Houston,Sex,Female,85.4,81.3 - 89.5
NY-City of New York,Sex,Female,89.6,85.0 - 94.3
Maine,Sex,Male,80.8,76.1 - 85.6
Nevada,Sex,Male,77.9,73.0 - 82.8
Iowa,Sex,Male,73.1,66.5 - 79.7
Alabama,Sex,Male,68.6,63.4 - 73.9
Nebraska,Sex,Male,76.2,70.4 - 82.1
New Mexico,Sex,Male,81.6,77.4 - 85.9
New Jersey,Sex,Male,90.4,86.5 - 94.3
Texas,Sex,Male,76.1,71.7 - 80.6
Oregon,Sex,Male,83.2,78.3 - 88.0
Wisconsin,Sex,Male,76.6,70.5 - 82.8
Massachusetts,Sex,Male,90.7,87.5 - 94.0
Washington,Sex,Male,88.7,83.7 - 93.7
Wyoming,Sex,Male,62.4,57.0 - 67.9
New York,Sex,Male,83.9,80.4 - 87.5
Alaska,Sex,Male,75.4,67.9 - 82.8
Virginia,Sex,Male,83.3,79.4 - 87.2
Pennsylvania,Sex,Male,77.4,72.9 - 81.9
District of Columbia,Sex,Male,89.0,84.9 - 93.0
Vermont,Sex,Male,86.1,79.0 - 93.2
Delaware,Sex,Male,82.6,77.7 - 87.4
South Carolina,Sex,Male,67.7,62.1 - 73.3
Montana,Sex,Male,65.4,59.9 - 70.9
Colorado,Sex,Male,79.8,75.5 - 84.1
West Virginia,Sex,Male,74.0,69.0 - 79.0
Kansas,Sex,Male,71.9,65.1 - 78.7
Mississippi,Sex,Male,69.7,62.8 - 76.7
Arkansas,Sex,Male,71.2,65.0 - 77.4
Hawaii,Sex,Male,89.0,85.3 - 92.7
Minnesota,Sex,Male,76.9,71.7 - 82.2
North Dakota,Sex,Male,69.5,63.6 - 75.4
Maryland,Sex,Male,91.9,88.0 - 95.7
Louisiana,Sex,Male,72.7,67.2 - 78.1
Missouri,Sex,Male,75.3,68.5 - 82.0
New Hampshire,Sex,Male,78.5,73.1 - 83.8
Oklahoma,Sex,Male,65.3,60.3 - 70.4
South Dakota,Sex,Male,74.3,69.1 - 79.4
Illinois,Sex,Male,81.4,77.7 - 85.1
North Carolina,Sex,Male,80.0,75.3 - 84.8
Indiana,Sex,Male,73.0,67.4 - 78.7
PA-Philadelphia County,Sex,Male,82.7,73.9 - 91.4
NY-City of New York,Sex,Male,88.0,83.1 - 93.0
PA-Rest of State,Sex,Male,76.7,71.7 - 81.6
TX-Rest of State,Sex,Male,74.9,69.7 - 80.1
IL-City of Chicago,Sex,Male,90.4,86.4 - 94.5
TX-Bexar County,Sex,Male,82.2,78.1 - 86.4
NY-Rest of State,Sex,Male,80.9,76.0 - 85.9
TX-City of Houston,Sex,Male,85.3,81.3 - 89.2
IL-Rest of state,Sex,Male,79.0,74.5 - 83.5
Louisiana,Age,18 – 49 years,66.3,61.7 - 71.0
Oregon,Age,18 – 49 years,80.7,76.9 - 84.6
Utah,Age,18 – 49 years,82.8,77.2 - 88.5
Indiana,Age,18 – 49 years,69.1,63.7 - 74.4
Mississippi,Age,18 – 49 years,71.8,65.6 - 78.1
Massachusetts,Age,18 – 49 years,86.1,81.5 - 90.6
Nebraska,Age,18 – 49 years,76.3,71.2 - 81.3
Connecticut,Age,18 – 49 years,88.4,80.5 - 96.4
Tennessee,Age,18 – 49 years,66.7,61.5 - 72.0
Puerto Rico,Age,18 – 49 years,96.4,94.5 - 98.3
Alabama,Age,18 – 49 years,67.7,62.8 - 72.5
New Mexico,Age,18 – 49 years,79.7,75.2 - 84.2
Colorado,Age,18 – 49 years,78.7,75.0 - 82.3
Minnesota,Age,18 – 49 years,79.0,74.9 - 83.1
Arizona,Age,18 – 49 years,74.9,70.2 - 79.6
Washington,Age,18 – 49 years,91.4,87.6 - 95.2
Missouri,Age,18 – 49 years,70.9,65.2 - 76.6
Oklahoma,Age,18 – 49 years,65.9,61.0 - 70.9
Rhode Island,Age,18 – 49 years,79.7,73.7 - 85.6
Delaware,Age,18 – 49 years,77.8,72.2 - 83.3
Michigan,Age,18 – 49 years,76.1,71.1 - 81.1
Wisconsin,Age,18 – 49 years,76.5,71.1 - 81.9
Florida,Age,18 – 49 years,72.1,66.3 - 77.9
Texas,Age,18 – 49 years,76.2,72.3 - 80.1
West Virginia,Age,18 – 49 years,61.5,56.7 - 66.3
California,Age,18 – 49 years,85.2,81.6 - 88.9
Pennsylvania,Age,18 – 49 years,77.8,74.1 - 81.5
Montana,Age,18 – 49 years,64.8,60.4 - 69.2
Maine,Age,18 – 49 years,75.9,70.6 - 81.2
New Jersey,Age,18 – 49 years,86.2,82.0 - 90.3
Virginia,Age,18 – 49 years,92.4,88.1 - 96.7
Alaska,Age,18 – 49 years,80.8,76.1 - 85.6
Kansas,Age,18 – 49 years,71.4,67.1 - 75.6
Vermont,Age,18 – 49 years,89.4,84.0 - 94.7
North Dakota,Age,18 – 49 years,68.6,63.6 - 73.6
District of Columbia,Age,18 – 49 years,94.3,91.6 - 97.0
Illinois,Age,18 – 49 years,82.8,79.3 - 86.3
South Carolina,Age,18 – 49 years,67.0,62.2 - 71.8
Hawaii,Age,18 – 49 years,88.2,84.6 - 91.8
Iowa,Age,18 – 49 years,67.9,61.5 - 74.3
South Dakota,Age,18 – 49 years,67.2,61.9 - 72.6
Arkansas,Age,18 – 49 years,67.7,62.4 - 73.0
Ohio,Age,18 – 49 years,61.9,54.7 - 69.1
Nevada,Age,18 – 49 years,75.8,71.8 - 79.8
Georgia,Age,18 – 49 years,69.1,62.8 - 75.5
Wyoming,Age,18 – 49 years,55.1,50.0 - 60.2
New York,Age,18 – 49 years,87.0,84.0 - 90.1
Maryland,Age,18 – 49 years,86.1,81.0 - 91.2
Kentucky,Age,18 – 49 years,68.6,63.6 - 73.7
New Hampshire,Age,18 – 49 years,85.9,81.4 - 90.4
North Carolina,Age,18 – 49 years,75.4,71.0 - 79.7
Idaho,Age,18 – 49 years,67.6,60.8 - 74.4
IL-Rest of state,Age,18 – 49 years,79.9,75.5 - 84.3
TX-Rest of State,Age,18 – 49 years,75.8,71.2 - 80.4
NY-City of New York,Age,18 – 49 years,90.0,85.2 - 94.7
NY-Rest of State,Age,18 – 49 years,84.5,80.5 - 88.4
TX-Bexar County,Age,18 – 49 years,76.7,72.7 - 80.8
PA-Rest of State,Age,18 – 49 years,76.3,72.0 - 80.5
PA-Philadelphia County,Age,18 – 49 years,86.8,82.4 - 91.2
IL-City of Chicago,Age,18 – 49 years,91.8,88.2 - 95.4
TX-City of Houston,Age,18 – 49 years,80.6,76.7 - 84.5
Illinois,Age,50 – 64 years,89.2,85.1 - 93.2
Alabama,Age,50 – 64 years,72.5,66.0 - 79.0
Pennsylvania,Age,50 – 64 years,86.2,82.2 - 90.1
Maryland,Age,50 – 64 years,92.4,87.3 - 97.4
Massachusetts,Age,50 – 64 years,94.7,91.1 - 98.2
Delaware,Age,50 – 64 years,87.3,82.0 - 92.6
New Mexico,Age,50 – 64 years,83.0,77.6 - 88.4
West Virginia,Age,50 – 64 years,78.5,73.7 - 83.3
New York,Age,50 – 64 years,90.5,86.9 - 94.1
Wisconsin,Age,50 – 64 years,83.7,76.9 - 90.5
Wyoming,Age,50 – 64 years,66.8,60.8 - 72.8
Oregon,Age,50 – 64 years,84.9,79.8 - 90.1
South Dakota,Age,50 – 64 years,74.2,68.4 - 80.0
South Carolina,Age,50 – 64 years,81.7,76.8 - 86.5
Vermont,Age,50 – 64 years,93.4,88.0 - 98.8
Utah,Age,50 – 64 years,82.3,72.9 - 91.7
Colorado,Age,50 – 64 years,81.6,76.2 - 87.1
Rhode Island,Age,50 – 64 years,87.2,81.2 - 93.3
Connecticut,Age,50 – 64 years,86.4,75.2 - 97.5
Minnesota,Age,50 – 64 years,86.4,81.8 - 91.0
Kansas,Age,50 – 64 years,80.8,75.6 - 86.0
New Hampshire,Age,50 – 64 years,92.5,88.9 - 96.0
Iowa,Age,50 – 64 years,83.3,76.7 - 89.9
Georgia,Age,50 – 64 years,85.4,78.6 - 92.3
Washington,Age,50 – 64 years,87.5,81.3 - 93.7
Puerto Rico,Age,50 – 64 years,98.5,97.6 - 99.4
New Jersey,Age,50 – 64 years,90.5,86.2 - 94.8
Nebraska,Age,50 – 64 years,85.8,80.1 - 91.5
North Carolina,Age,50 – 64 years,87.4,83.4 - 91.5
Mississippi,Age,50 – 64 years,78.3,72.1 - 84.6
Arizona,Age,50 – 64 years,83.8,78.0 - 89.7
Virginia,Age,50 – 64 years,89.7,81.0 - 98.4
Texas,Age,50 – 64 years,87.4,83.1 - 91.6
Kentucky,Age,50 – 64 years,79.1,73.6 - 84.5
Hawaii,Age,50 – 64 years,91.8,87.9 - 95.8
Maine,Age,50 – 64 years,86.4,81.1 - 91.7
Missouri,Age,50 – 64 years,75.9,69.2 - 82.7
California,Age,50 – 64 years,85.8,80.2 - 91.3
Oklahoma,Age,50 – 64 years,76.3,70.1 - 82.4
Montana,Age,50 – 64 years,72.1,66.7 - 77.5
Nevada,Age,50 – 64 years,82.7,78.2 - 87.1
Alaska,Age,50 – 64 years,75.8,68.7 - 82.8
Ohio,Age,50 – 64 years,75.0,65.2 - 84.7
District of Columbia,Age,50 – 64 years,95.2,91.2 - 99.2
Michigan,Age,50 – 64 years,83.4,77.6 - 89.2
North Dakota,Age,50 – 64 years,78.0,71.3 - 84.8
Indiana,Age,50 – 64 years,76.2,69.6 - 82.7
Florida,Age,50 – 64 years,72.4,63.6 - 81.2
Louisiana,Age,50 – 64 years,79.2,74.0 - 84.5
Arkansas,Age,50 – 64 years,75.8,68.9 - 82.8
Tennessee,Age,50 – 64 years,77.6,71.1 - 84.1
Idaho,Age,50 – 64 years,71.5,62.1 - 81.0
TX-City of Houston,Age,50 – 64 years,91.9,88.3 - 95.5
PA-Rest of State,Age,50 – 64 years,85.9,81.6 - 90.2
NY-Rest of State,Age,50 – 64 years,86.5,81.4 - 91.5
TX-Rest of State,Age,50 – 64 years,87.0,82.1 - 91.9
NY-City of New York,Age,50 – 64 years,96.6,92.6 - 100.0
TX-Bexar County,Age,50 – 64 years,88.2,84.4 - 92.0
IL-City of Chicago,Age,50 – 64 years,88.3,81.0 - 95.5
PA-Philadelphia County,Age,50 – 64 years,88.8,82.5 - 95.0
IL-Rest of state,Age,50 – 64 years,89.4,85.2 - 93.5
Maryland,Age,65+ years,93.6,87.5 - 99.7
California,Age,65+ years,91.9,87.4 - 96.5
Rhode Island,Age,65+ years,97.6,95.4 - 99.7
Connecticut,Age,65+ years,92.8,85.5 - 100.0
New York,Age,65+ years,91.6,88.2 - 95.1
Idaho,Age,65+ years,94.5,91.0 - 98.0
Florida,Age,65+ years,91.8,87.5 - 96.2
Ohio,Age,65+ years,92.2,86.9 - 97.5
Michigan,Age,65+ years,90.9,86.7 - 95.1
Missouri,Age,65+ years,92.3,88.6 - 95.9
South Carolina,Age,65+ years,90.9,87.5 - 94.2
New Jersey,Age,65+ years,96.2,93.4 - 99.1
Alabama,Age,65+ years,87.9,83.8 - 92.0
West Virginia,Age,65+ years,90.2,86.8 - 93.6
Washington,Age,65+ years,90.0,82.4 - 97.5
Georgia,Age,65+ years,83.9,76.9 - 90.8
Arkansas,Age,65+ years,93.5,89.8 - 97.2
Wisconsin,Age,65+ years,89.8,83.3 - 96.2
Texas,Age,65+ years,93.1,90.4 - 95.9
Minnesota,Age,65+ years,96.6,94.9 - 98.3
Hawaii,Age,65+ years,94.9,91.9 - 97.9
Illinois,Age,65+ years,96.8,95.2 - 98.4
Louisiana,Age,65+ years,89.6,85.7 - 93.5
Maine,Age,65+ years,94.2,90.2 - 98.1
North Carolina,Age,65+ years,93.0,89.3 - 96.7
Vermont,Age,65+ years,98.0,94.8 - 100.0
District of Columbia,Age,65+ years,97.7,95.2 - 100.0
Utah,Age,65+ years,93.8,88.6 - 98.9
Nevada,Age,65+ years,91.9,88.1 - 95.6
Wyoming,Age,65+ years,81.2,77.1 - 85.3
Nebraska,Age,65+ years,88.5,83.9 - 93.1
Oregon,Age,65+ years,93.0,89.3 - 96.7
North Dakota,Age,65+ years,92.6,89.0 - 96.2
Alaska,Age,65+ years,88.6,82.9 - 94.2
Kansas,Age,65+ years,88.5,84.3 - 92.6
Arizona,Age,65+ years,87.7,82.5 - 92.8
Oklahoma,Age,65+ years,88.6,83.8 - 93.3
Delaware,Age,65+ years,96.3,94.2 - 98.4
New Hampshire,Age,65+ years,94.9,91.8 - 98.1
Pennsylvania,Age,65+ years,93.5,91.0 - 96.0
Virginia,Age,65+ years,89.8,79.7 - 99.8
Colorado,Age,65+ years,92.4,89.3 - 95.6
Puerto Rico,Age,65+ years,91.7,88.0 - 95.4
Iowa,Age,65+ years,90.4,86.6 - 94.3
Montana,Age,65+ years,88.1,84.9 - 91.3
Massachusetts,Age,65+ years,95.9,92.9 - 99.0
New Mexico,Age,65+ years,92.5,89.1 - 96.0
Tennessee,Age,65+ years,86.5,82.3 - 90.8
Indiana,Age,65+ years,91.4,87.4 - 95.4
Mississippi,Age,65+ years,90.5,86.3 - 94.7
South Dakota,Age,65+ years,90.9,87.7 - 94.2
Kentucky,Age,65+ years,92.5,88.3 - 96.7
PA-Rest of State,Age,65+ years,93.5,90.8 - 96.2
TX-Bexar County,Age,65+ years,94.1,90.9 - 97.2
TX-Rest of State,Age,65+ years,93.0,89.8 - 96.1
PA-Philadelphia County,Age,65+ years,93.8,89.4 - 98.1
IL-City of Chicago,Age,65+ years,95.7,92.2 - 99.3
TX-City of Houston,Age,65+ years,94.2,90.8 - 97.7
IL-Rest of state,Age,65+ years,97.0,95.3 - 98.7
NY-Rest of State,Age,65+ years,91.1,87.0 - 95.2
NY-City of New York,Age,65+ years,92.5,86.4 - 98.6
Kentucky,Sex,Female,77.5,73.1 - 81.9
Colorado,Sex,Female,85.8,82.4 - 89.2
Alabama,Sex,Female,75.5,71.0 - 79.9
District of Columbia,Sex,Female,96.8,94.5 - 99.1
Massachusetts,Sex,Female,92.6,89.3 - 96.0
Puerto Rico,Sex,Female,94.9,92.8 - 97.0
South Dakota,Sex,Female,77.9,73.5 - 82.4
New Hampshire,Sex,Female,91.2,87.9 - 94.5
Alaska,Sex,Female,80.1,74.9 - 85.3
Minnesota,Sex,Female,88.4,85.3 - 91.4
Mississippi,Sex,Female,80.5,75.4 - 85.6
Iowa,Sex,Female,78.9,73.8 - 84.0
North Dakota,Sex,Female,80.3,75.7 - 84.9
New York,Sex,Female,90.1,87.5 - 92.8
Washington,Sex,Female,90.7,86.8 - 94.6
Michigan,Sex,Female,86.8,83.1 - 90.5
New Mexico,Sex,Female,85.5,81.9 - 89.1
Maryland,Sex,Female,89.9,85.5 - 94.4
Oregon,Sex,Female,88.6,85.5 - 91.7
Virginia,Sex,Female,93.9,90.6 - 97.2
Wyoming,Sex,Female,65.6,61.1 - 70.0
Georgia,Sex,Female,79.6,74.3 - 84.8
Arkansas,Sex,Female,78.8,74.2 - 83.4
South Carolina,Sex,Female,79.3,75.5 - 83.1
Texas,Sex,Female,81.7,78.1 - 85.4
Hawaii,Sex,Female,89.2,85.8 - 92.7
North Carolina,Sex,Female,83.3,79.8 - 86.9
Connecticut,Sex,Female,87.4,79.5 - 95.3
Louisiana,Sex,Female,77.6,73.7 - 81.5
Missouri,Sex,Female,78.5,73.6 - 83.4
Nevada,Sex,Female,80.3,76.7 - 84.0
California,Sex,Female,88.8,85.3 - 92.2
Nebraska,Sex,Female,84.1,80.0 - 88.2
Maine,Sex,Female,87.3,83.4 - 91.1
Arizona,Sex,Female,81.1,76.7 - 85.4
Oklahoma,Sex,Female,76.5,71.9 - 81.1
Wisconsin,Sex,Female,81.1,76.3 - 86.0
Indiana,Sex,Female,78.1,73.5 - 82.8
Vermont,Sex,Female,93.3,89.2 - 97.5
Kansas,Sex,Female,81.0,77.5 - 84.6
Idaho,Sex,Female,73.1,66.5 - 79.8
Ohio,Sex,Female,74.4,68.3 - 80.6
New Jersey,Sex,Female,93.0,90.2 - 95.8
West Virginia,Sex,Female,76.5,72.8 - 80.2
Illinois,Sex,Female,90.1,87.3 - 93.0
Florida,Sex,Female,80.9,75.9 - 85.9
Rhode Island,Sex,Female,89.8,85.8 - 93.8
Pennsylvania,Sex,Female,85.8,82.9 - 88.7
Utah,Sex,Female,88.1,83.4 - 92.7
Tennessee,Sex,Female,73.7,69.0 - 78.3
Montana,Sex,Female,76.0,72.2 - 79.9
Delaware,Sex,Female,85.7,81.3 - 90.1
NY-Rest of State,Sex,Female,88.5,85.2 - 91.7
PA-Philadelphia County,Sex,Female,90.2,86.6 - 93.9
TX-Rest of State,Sex,Female,81.3,77.0 - 85.6
IL-City of Chicago,Sex,Female,94.1,90.9 - 97.4
TX-Bexar County,Sex,Female,83.7,80.1 - 87.3
NY-City of New York,Sex,Female,92.3,88.1 - 96.6
PA-Rest of State,Sex,Female,85.2,81.9 - 88.5
IL-Rest of state,Sex,Female,89.1,85.6 - 92.5
TX-City of Houston,Sex,Female,84.9,81.0 - 88.9
Arkansas,Sex,Male,71.4,66.0 - 76.8
Missouri,Sex,Male,74.5,69.1 - 80.0
Montana,Sex,Male,68.8,64.9 - 72.8
Minnesota,Sex,Male,81.2,77.1 - 85.2
Utah,Sex,Male,79.8,73.5 - 86.1
Indiana,Sex,Male,73.7,68.6 - 78.9
Louisiana,Sex,Male,70.6,65.8 - 75.3
Delaware,Sex,Male,84.0,79.3 - 88.6
New Mexico,Sex,Male,80.8,76.3 - 85.3
Nevada,Sex,Male,81.3,77.6 - 85.1
Oklahoma,Sex,Male,69.9,65.1 - 74.7
Colorado,Sex,Male,77.8,74.0 - 81.7
Kansas,Sex,Male,73.9,69.7 - 78.1
Tennessee,Sex,Male,74.0,68.9 - 79.1
Oregon,Sex,Male,80.0,76.0 - 84.1
Pennsylvania,Sex,Male,81.1,77.6 - 84.6
Arizona,Sex,Male,78.3,73.7 - 82.9
Wisconsin,Sex,Male,81.9,76.8 - 87.1
Florida,Sex,Male,74.7,69.0 - 80.4
District of Columbia,Sex,Male,92.9,89.7 - 96.1
Maine,Sex,Male,79.5,74.7 - 84.3
Ohio,Sex,Male,69.9,62.4 - 77.3
Georgia,Sex,Male,73.2,66.5 - 79.9
California,Sex,Male,84.2,80.3 - 88.1
Michigan,Sex,Male,76.1,70.9 - 81.4
Illinois,Sex,Male,84.4,81.0 - 87.8
Iowa,Sex,Male,74.5,68.6 - 80.5
New Hampshire,Sex,Male,88.2,84.3 - 92.0
Connecticut,Sex,Male,90.7,83.9 - 97.6
Washington,Sex,Male,89.7,85.2 - 94.2
Virginia,Sex,Male,88.4,82.1 - 94.7
South Carolina,Sex,Male,73.1,68.6 - 77.6
West Virginia,Sex,Male,70.2,65.8 - 74.5
Texas,Sex,Male,81.2,77.4 - 85.0
Idaho,Sex,Male,75.3,69.1 - 81.6
Maryland,Sex,Male,88.6,83.7 - 93.5
Kentucky,Sex,Male,75.5,70.7 - 80.3
Rhode Island,Sex,Male,81.6,75.8 - 87.4
Puerto Rico,Sex,Male,96.6,94.9 - 98.3
Hawaii,Sex,Male,92.5,89.7 - 95.3
South Dakota,Sex,Male,70.1,65.2 - 75.1
New York,Sex,Male,87.2,84.1 - 90.3
Wyoming,Sex,Male,61.6,56.7 - 66.4
North Dakota,Sex,Male,71.7,66.9 - 76.6
New Jersey,Sex,Male,85.5,81.2 - 89.9
Alaska,Sex,Male,80.8,76.4 - 85.3
Alabama,Sex,Male,71.2,66.5 - 75.9
Nebraska,Sex,Male,78.3,73.4 - 83.2
Mississippi,Sex,Male,73.8,67.9 - 79.8
Vermont,Sex,Male,91.5,86.9 - 96.1
Massachusetts,Sex,Male,87.6,83.5 - 91.8
North Carolina,Sex,Male,80.8,76.6 - 85.1
TX-Rest of State,Sex,Male,80.9,76.5 - 85.3
NY-City of New York,Sex,Male,91.4,86.8 - 95.9
PA-Philadelphia County,Sex,Male,86.6,81.5 - 91.6
PA-Rest of State,Sex,Male,80.4,76.5 - 84.3
IL-City of Chicago,Sex,Male,89.0,84.6 - 93.5
TX-Bexar County,Sex,Male,80.6,76.5 - 84.8
TX-City of Houston,Sex,Male,85.3,81.6 - 89.0
NY-Rest of State,Sex,Male,84.2,80.0 - 88.4
IL-Rest of state,Sex,Male,83.2,79.2 - 87.2
Wyoming,Age,18 – 49 years,60.9,57.1 - 64.6
Alaska,Age,18 – 49 years,72.6,66.5 - 78.6
Colorado,Age,18 – 49 years,79.0,73.9 - 84.2
South Dakota,Age,18 – 49 years,63.8,57.8 - 69.8
Ohio,Age,18 – 49 years,64.8,58.0 - 71.6
Oklahoma,Age,18 – 49 years,65.6,60.1 - 71.2
Virginia,Age,18 – 49 years,83.3,80.7 - 85.8
New Jersey,Age,18 – 49 years,85.6,81.7 - 89.5
North Dakota,Age,18 – 49 years,62.6,57.4 - 67.7
Maryland,Age,18 – 49 years,82.8,78.3 - 87.4
Pennsylvania,Age,18 – 49 years,73.7,69.1 - 78.2
Hawaii,Age,18 – 49 years,87.2,83.7 - 90.7
West Virginia,Age,18 – 49 years,62.0,57.9 - 66.2
Puerto Rico,Age,18 – 49 years,95.8,93.9 - 97.6
Nevada,Age,18 – 49 years,73.7,67.6 - 79.8
Missouri,Age,18 – 49 years,69.4,62.9 - 75.8
Montana,Age,18 – 49 years,62.7,57.2 - 68.1
New Mexico,Age,18 – 49 years,75.0,69.1 - 80.8
Delaware,Age,18 – 49 years,78.9,75.2 - 82.7
Michigan,Age,18 – 49 years,64.2,56.9 - 71.4
Kansas,Age,18 – 49 years,72.6,66.9 - 78.4
Kentucky,Age,18 – 49 years,69.4,64.0 - 74.9
District of Columbia,Age,18 – 49 years,91.0,89.1 - 92.9
New Hampshire,Age,18 – 49 years,78.1,74.2 - 82.1
Massachusetts,Age,18 – 49 years,86.4,82.3 - 90.5
Iowa,Age,18 – 49 years,69.7,62.7 - 76.6
Arizona,Age,18 – 49 years,75.6,68.6 - 82.5
North Carolina,Age,18 – 49 years,78.9,73.5 - 84.2
Idaho,Age,18 – 49 years,69.7,64.4 - 74.9
Georgia,Age,18 – 49 years,65.7,58.8 - 72.5
Vermont,Age,18 – 49 years,86.9,81.6 - 92.2
Mississippi,Age,18 – 49 years,55.1,46.6 - 63.6
Nebraska,Age,18 – 49 years,74.5,66.9 - 82.1
New York,Age,18 – 49 years,86.4,83.4 - 89.5
Illinois,Age,18 – 49 years,80.8,78.3 - 83.4
Connecticut,Age,18 – 49 years,86.6,80.7 - 92.5
Texas,Age,18 – 49 years,72.5,68.9 - 76.0
Arkansas,Age,18 – 49 years,67.8,60.9 - 74.6
Oregon,Age,18 – 49 years,78.8,73.3 - 84.3
South Carolina,Age,18 – 49 years,68.0,63.3 - 72.8
Indiana,Age,18 – 49 years,66.0,61.7 - 70.3
California,Age,18 – 49 years,82.8,78.6 - 87.1
Minnesota,Age,18 – 49 years,78.4,73.1 - 83.7
Alabama,Age,18 – 49 years,57.4,51.6 - 63.2
Washington,Age,18 – 49 years,85.9,82.0 - 89.9
Tennessee,Age,18 – 49 years,66.8,59.9 - 73.8
Utah,Age,18 – 49 years,80.6,76.5 - 84.7
Maine,Age,18 – 49 years,80.9,76.9 - 85.0
Wisconsin,Age,18 – 49 years,72.7,63.5 - 81.8
Florida,Age,18 – 49 years,70.3,63.4 - 77.2
Rhode Island,Age,18 – 49 years,84.3,77.9 - 90.8
Louisiana,Age,18 – 49 years,66.7,60.7 - 72.8
NY-City of New York,Age,18 – 49 years,89.7,85.5 - 94.0
PA-Philadelphia County,Age,18 – 49 years,80.8,77.3 - 84.4
IL-Rest of state,Age,18 – 49 years,79.5,76.5 - 82.5
TX-City of Houston,Age,18 – 49 years,79.4,76.7 - 82.0
NY-Rest of State,Age,18 – 49 years,83.6,79.2 - 87.9
TX-Rest of State,Age,18 – 49 years,71.0,66.9 - 75.1
TX-Bexar County,Age,18 – 49 years,82.9,80.2 - 85.6
PA-Rest of State,Age,18 – 49 years,72.4,67.1 - 77.7
IL-City of Chicago,Age,18 – 49 years,84.9,80.4 - 89.4
Florida,Age,50 – 64 years,73.8,64.8 - 82.9
Colorado,Age,50 – 64 years,88.0,81.9 - 94.2
North Dakota,Age,50 – 64 years,75.2,68.8 - 81.6
Wyoming,Age,50 – 64 years,67.4,62.7 - 72.1
Missouri,Age,50 – 64 years,80.8,73.4 - 88.2
Nebraska,Age,50 – 64 years,81.4,70.8 - 92.0
Delaware,Age,50 – 64 years,86.0,82.2 - 89.8
Oklahoma,Age,50 – 64 years,69.9,61.5 - 78.3
Louisiana,Age,50 – 64 years,81.0,74.5 - 87.5
California,Age,50 – 64 years,85.8,79.0 - 92.6
Oregon,Age,50 – 64 years,76.0,67.5 - 84.5
Ohio,Age,50 – 64 years,80.7,72.7 - 88.7
Iowa,Age,50 – 64 years,72.9,62.5 - 83.4
New Hampshire,Age,50 – 64 years,89.0,85.8 - 92.2
Massachusetts,Age,50 – 64 years,96.9,94.7 - 99.1
Rhode Island,Age,50 – 64 years,94.0,87.3 - 100.0
New Mexico,Age,50 – 64 years,86.7,79.6 - 93.8
Maryland,Age,50 – 64 years,92.2,87.6 - 96.8
District of Columbia,Age,50 – 64 years,95.2,92.9 - 97.4
New York,Age,50 – 64 years,92.4,89.0 - 95.7
Connecticut,Age,50 – 64 years,96.9,93.5 - 100.0
Kentucky,Age,50 – 64 years,73.2,64.5 - 81.9
South Dakota,Age,50 – 64 years,82.1,76.2 - 88.0
Arkansas,Age,50 – 64 years,75.6,65.6 - 85.7
West Virginia,Age,50 – 64 years,76.5,72.0 - 81.0
Nevada,Age,50 – 64 years,79.0,70.9 - 87.1
New Jersey,Age,50 – 64 years,88.1,82.9 - 93.3
Indiana,Age,50 – 64 years,77.2,72.0 - 82.5
Maine,Age,50 – 64 years,87.8,83.7 - 92.0
Utah,Age,50 – 64 years,89.1,84.2 - 94.1
Pennsylvania,Age,50 – 64 years,84.2,79.2 - 89.2
Georgia,Age,50 – 64 years,78.5,69.3 - 87.6
Hawaii,Age,50 – 64 years,90.1,86.0 - 94.2
Vermont,Age,50 – 64 years,92.2,87.0 - 97.4
North Carolina,Age,50 – 64 years,75.5,66.8 - 84.2
Michigan,Age,50 – 64 years,81.7,73.5 - 89.9
Mississippi,Age,50 – 64 years,80.4,70.1 - 90.7
Montana,Age,50 – 64 years,69.3,61.6 - 77.0
South Carolina,Age,50 – 64 years,77.3,71.9 - 82.8
Idaho,Age,50 – 64 years,72.0,64.6 - 79.5
Washington,Age,50 – 64 years,85.4,78.7 - 92.1
Puerto Rico,Age,50 – 64 years,95.9,94.2 - 97.6
Minnesota,Age,50 – 64 years,86.2,79.9 - 92.6
Illinois,Age,50 – 64 years,87.7,85.2 - 90.3
Alaska,Age,50 – 64 years,78.4,70.1 - 86.6
Kansas,Age,50 – 64 years,82.5,74.4 - 90.6
Virginia,Age,50 – 64 years,88.2,85.0 - 91.4
Arizona,Age,50 – 64 years,82.7,74.5 - 90.8
Wisconsin,Age,50 – 64 years,83.4,72.3 - 94.5
Tennessee,Age,50 – 64 years,75.6,67.1 - 84.1
Alabama,Age,50 – 64 years,70.5,63.7 - 77.3
Texas,Age,50 – 64 years,76.7,71.1 - 82.4
NY-City of New York,Age,50 – 64 years,96.7,93.4 - 100.0
TX-Bexar County,Age,50 – 64 years,91.2,88.6 - 93.9
NY-Rest of State,Age,50 – 64 years,89.6,84.6 - 94.7
PA-Philadelphia County,Age,50 – 64 years,90.3,86.2 - 94.3
IL-City of Chicago,Age,50 – 64 years,92.0,87.8 - 96.2
PA-Rest of State,Age,50 – 64 years,83.5,77.9 - 89.0
TX-City of Houston,Age,50 – 64 years,89.7,86.9 - 92.4
TX-Rest of State,Age,50 – 64 years,74.7,68.3 - 81.2
IL-Rest of state,Age,50 – 64 years,86.9,84.0 - 89.8
Utah,Age,65+ years,95.7,92.8 - 98.5
Hawaii,Age,65+ years,94.4,91.3 - 97.5
Minnesota,Age,65+ years,92.1,87.9 - 96.2
Oregon,Age,65+ years,92.4,86.9 - 97.9
South Carolina,Age,65+ years,89.5,85.8 - 93.2
Maryland,Age,65+ years,95.9,92.3 - 99.6
New Hampshire,Age,65+ years,96.8,95.2 - 98.3
Pennsylvania,Age,65+ years,97.0,95.5 - 98.4
Texas,Age,65+ years,88.8,85.2 - 92.4
Wisconsin,Age,65+ years,83.7,72.1 - 95.3
Idaho,Age,65+ years,80.6,73.7 - 87.5
Nebraska,Age,65+ years,85.3,75.5 - 95.1
Montana,Age,65+ years,86.4,81.6 - 91.2
North Dakota,Age,65+ years,89.2,85.1 - 93.3
North Carolina,Age,65+ years,95.4,92.5 - 98.3
Louisiana,Age,65+ years,86.8,79.8 - 93.8
Oklahoma,Age,65+ years,88.7,83.1 - 94.3
Kentucky,Age,65+ years,88.6,82.4 - 94.8
South Dakota,Age,65+ years,87.4,82.6 - 92.1
Alabama,Age,65+ years,88.2,83.6 - 92.8
Indiana,Age,65+ years,89.3,84.7 - 93.9
Delaware,Age,65+ years,95.6,93.9 - 97.4
Massachusetts,Age,65+ years,96.2,93.8 - 98.6
Colorado,Age,65+ years,88.5,81.2 - 95.7
Georgia,Age,65+ years,91.7,83.9 - 99.6
Vermont,Age,65+ years,95.4,92.4 - 98.4
Puerto Rico,Age,65+ years,95.6,93.5 - 97.6
Ohio,Age,65+ years,90.9,84.1 - 97.8
Kansas,Age,65+ years,87.4,80.0 - 94.9
Wyoming,Age,65+ years,82.5,79.2 - 85.7
Iowa,Age,65+ years,92.0,85.7 - 98.4
Alaska,Age,65+ years,90.6,84.5 - 96.8
Michigan,Age,65+ years,90.8,84.0 - 97.6
Missouri,Age,65+ years,90.7,85.7 - 95.8
West Virginia,Age,65+ years,90.6,87.8 - 93.5
New Jersey,Age,65+ years,93.5,90.3 - 96.8
Illinois,Age,65+ years,93.8,91.8 - 95.8
Rhode Island,Age,65+ years,96.4,92.1 - 100.0
District of Columbia,Age,65+ years,98.2,97.1 - 99.3
Arkansas,Age,65+ years,89.8,83.0 - 96.5
Maine,Age,65+ years,93.9,91.0 - 96.9
Virginia,Age,65+ years,94.1,91.9 - 96.2
California,Age,65+ years,93.4,89.4 - 97.5
Tennessee,Age,65+ years,91.7,86.5 - 96.8
Nevada,Age,65+ years,84.6,77.7 - 91.5
New Mexico,Age,65+ years,86.6,79.9 - 93.2
Mississippi,Age,65+ years,79.7,69.5 - 89.9
New York,Age,65+ years,93.3,89.9 - 96.6
Florida,Age,65+ years,85.9,78.6 - 93.3
Arizona,Age,65+ years,89.0,82.1 - 95.9
Connecticut,Age,65+ years,98.1,95.1 - 100.0
Washington,Age,65+ years,91.1,86.2 - 96.0
NY-City of New York,Age,65+ years,93.0,86.4 - 99.5
TX-Bexar County,Age,65+ years,90.5,87.7 - 93.3
IL-Rest of state,Age,65+ years,93.6,91.5 - 95.7
PA-Philadelphia County,Age,65+ years,92.5,89.0 - 96.0
TX-City of Houston,Age,65+ years,92.4,89.6 - 95.1
NY-Rest of State,Age,65+ years,93.5,89.7 - 97.2
PA-Rest of State,Age,65+ years,97.4,95.9 - 99.0
IL-City of Chicago,Age,65+ years,94.7,89.3 - 100.0
TX-Rest of State,Age,65+ years,88.4,84.3 - 92.5
Delaware,Sex,Female,88.3,85.6 - 90.9
Texas,Sex,Female,78.8,75.2 - 82.3
Wisconsin,Sex,Female,74.4,65.1 - 83.7
Arkansas,Sex,Female,77.3,71.4 - 83.2
Massachusetts,Sex,Female,94.8,92.4 - 97.2
Rhode Island,Sex,Female,91.8,87.4 - 96.3
Illinois,Sex,Female,88.3,86.3 - 90.2
Mississippi,Sex,Female,65.9,57.9 - 74.0
Virginia,Sex,Female,86.8,84.4 - 89.1
Pennsylvania,Sex,Female,86.4,83.1 - 89.7
Michigan,Sex,Female,73.8,67.4 - 80.1
Colorado,Sex,Female,85.6,80.7 - 90.5
New Mexico,Sex,Female,84.9,80.4 - 89.4
North Dakota,Sex,Female,79.1,74.5 - 83.6
Minnesota,Sex,Female,85.7,81.4 - 90.1
South Dakota,Sex,Female,74.1,68.8 - 79.3
Florida,Sex,Female,77.9,71.6 - 84.1
West Virginia,Sex,Female,74.4,70.9 - 77.9
Arizona,Sex,Female,88.5,83.6 - 93.3
New Hampshire,Sex,Female,89.1,86.4 - 91.9
North Carolina,Sex,Female,80.4,75.2 - 85.7
Oregon,Sex,Female,85.3,80.4 - 90.3
California,Sex,Female,88.4,84.5 - 92.3
Kentucky,Sex,Female,76.8,71.6 - 81.9
Iowa,Sex,Female,75.9,69.8 - 82.0
Kansas,Sex,Female,79.4,74.0 - 84.7
Tennessee,Sex,Female,77.2,71.3 - 83.0
Utah,Sex,Female,84.1,80.0 - 88.2
Maryland,Sex,Female,87.6,83.6 - 91.6
Puerto Rico,Sex,Female,96.8,95.6 - 98.1
Connecticut,Sex,Female,93.3,88.6 - 98.0
Alabama,Sex,Female,70.2,65.2 - 75.2
Indiana,Sex,Female,75.8,71.7 - 79.9
District of Columbia,Sex,Female,93.6,91.8 - 95.3
Montana,Sex,Female,70.0,64.8 - 75.1
Nevada,Sex,Female,78.1,72.5 - 83.7
Hawaii,Sex,Female,88.4,85.1 - 91.7
Louisiana,Sex,Female,74.8,69.3 - 80.2
New Jersey,Sex,Female,89.7,86.3 - 93.1
Georgia,Sex,Female,71.8,65.2 - 78.5
Nebraska,Sex,Female,84.4,78.1 - 90.8
Ohio,Sex,Female,77.4,71.9 - 82.8
Oklahoma,Sex,Female,69.4,63.7 - 75.0
Missouri,Sex,Female,77.8,72.5 - 83.0
Maine,Sex,Female,89.8,86.9 - 92.7
Idaho,Sex,Female,72.5,67.3 - 77.8
Wyoming,Sex,Female,69.5,66.2 - 72.9
Alaska,Sex,Female,76.8,70.6 - 82.9
New York,Sex,Female,91.1,88.7 - 93.5
South Carolina,Sex,Female,80.0,76.2 - 83.7
Vermont,Sex,Female,93.4,90.0 - 96.7
Washington,Sex,Female,87.5,83.7 - 91.3
IL-City of Chicago,Sex,Female,91.9,88.3 - 95.4
TX-Bexar County,Sex,Female,87.1,84.6 - 89.6
TX-City of Houston,Sex,Female,84.7,82.2 - 87.3
TX-Rest of State,Sex,Female,77.6,73.5 - 81.6
NY-Rest of State,Sex,Female,89.2,85.8 - 92.5
IL-Rest of state,Sex,Female,87.3,85.0 - 89.6
PA-Philadelphia County,Sex,Female,87.4,84.5 - 90.2
PA-Rest of State,Sex,Female,86.2,82.5 - 90.0
NY-City of New York,Sex,Female,93.6,90.2 - 96.9
South Dakota,Sex,Male,73.3,67.9 - 78.7
Vermont,Sex,Male,87.5,82.6 - 92.5
Montana,Sex,Male,70.0,64.9 - 75.1
Washington,Sex,Male,86.0,81.7 - 90.4
District of Columbia,Sex,Male,91.8,89.7 - 93.9
Pennsylvania,Sex,Male,77.1,72.7 - 81.5
Michigan,Sex,Male,74.7,67.3 - 82.0
Virginia,Sex,Male,86.9,84.6 - 89.2
New York,Sex,Male,87.1,83.9 - 90.3
New Mexico,Sex,Male,77.2,71.0 - 83.4
Wisconsin,Sex,Male,81.7,73.8 - 89.5
Maine,Sex,Male,82.6,78.9 - 86.3
Missouri,Sex,Male,76.5,69.9 - 83.1
Idaho,Sex,Male,72.7,67.5 - 77.9
South Carolina,Sex,Male,70.8,66.1 - 75.5
Oregon,Sex,Male,77.1,71.3 - 83.0
Puerto Rico,Sex,Male,94.4,92.4 - 96.4
New Jersey,Sex,Male,86.3,82.5 - 90.1
North Carolina,Sex,Male,83.1,77.8 - 88.3
Mississippi,Sex,Male,68.1,58.6 - 77.6
Indiana,Sex,Male,71.1,66.9 - 75.3
Louisiana,Sex,Male,74.2,68.4 - 79.9
Delaware,Sex,Male,81.4,77.9 - 84.8
Tennessee,Sex,Male,71.2,63.8 - 78.7
Nebraska,Sex,Male,71.2,62.9 - 79.5
New Hampshire,Sex,Male,81.3,77.8 - 84.9
Arizona,Sex,Male,71.5,64.2 - 78.9
Alabama,Sex,Male,65.3,59.7 - 71.0
Arkansas,Sex,Male,71.8,64.3 - 79.3
Rhode Island,Sex,Male,86.8,80.2 - 93.4
Texas,Sex,Male,73.9,70.1 - 77.6
Kentucky,Sex,Male,72.6,66.5 - 78.7
Maryland,Sex,Male,87.6,83.4 - 91.8
California,Sex,Male,82.3,77.6 - 86.9
Illinois,Sex,Male,81.7,79.1 - 84.3
Alaska,Sex,Male,78.1,72.3 - 83.9
Wyoming,Sex,Male,64.6,61.0 - 68.2
Connecticut,Sex,Male,90.5,85.8 - 95.1
Kansas,Sex,Male,77.2,70.9 - 83.4
Utah,Sex,Male,85.4,81.5 - 89.4
Massachusetts,Sex,Male,87.1,82.9 - 91.3
North Dakota,Sex,Male,62.8,57.7 - 67.9
Nevada,Sex,Male,76.4,70.4 - 82.4
Hawaii,Sex,Male,91.1,88.3 - 93.9
Colorado,Sex,Male,79.8,74.4 - 85.2
Oklahoma,Sex,Male,73.3,67.6 - 79.0
West Virginia,Sex,Male,71.7,68.1 - 75.4
Minnesota,Sex,Male,81.4,76.2 - 86.5
Georgia,Sex,Male,75.3,68.2 - 82.3
Florida,Sex,Male,72.8,66.3 - 79.3
Iowa,Sex,Male,75.6,68.3 - 82.9
Ohio,Sex,Male,72.6,65.3 - 79.9
TX-Rest of State,Sex,Male,72.3,68.0 - 76.7
IL-City of Chicago,Sex,Male,82.9,77.6 - 88.3
PA-Philadelphia County,Sex,Male,82.1,78.0 - 86.1
NY-Rest of State,Sex,Male,85.6,81.4 - 89.8
NY-City of New York,Sex,Male,89.2,84.1 - 94.3
TX-Bexar County,Sex,Male,84.6,81.8 - 87.3
TX-City of Houston,Sex,Male,82.3,79.6 - 85.1
IL-Rest of state,Sex,Male,81.4,78.5 - 84.3
PA-Rest of State,Sex,Male,76.4,71.5 - 81.4
New York,Age,18 – 49 years,87.9,85.0 - 90.8
Colorado,Age,18 – 49 years,83.7,80.0 - 87.5
Tennessee,Age,18 – 49 years,65.3,55.4 - 75.1
Illinois,Age,18 – 49 years,80.5,77.1 - 84.0
Pennsylvania,Age,18 – 49 years,73.7,70.0 - 77.4
Michigan,Age,18 – 49 years,72.6,63.8 - 81.3
New Mexico,Age,18 – 49 years,75.8,69.9 - 81.7
Montana,Age,18 – 49 years,58.6,53.8 - 63.4
Vermont,Age,18 – 49 years,90.1,82.5 - 97.6
South Dakota,Age,18 – 49 years,61.4,55.3 - 67.4
North Carolina,Age,18 – 49 years,76.4,71.7 - 81.1
South Carolina,Age,18 – 49 years,68.4,63.8 - 73.0
Wisconsin,Age,18 – 49 years,76.4,70.4 - 82.3
Oklahoma,Age,18 – 49 years,65.8,60.7 - 71.0
Arizona,Age,18 – 49 years,73.4,66.6 - 80.3
Rhode Island,Age,18 – 49 years,88.4,82.9 - 94.0
Puerto Rico,Age,18 – 49 years,94.1,91.4 - 96.9
Washington,Age,18 – 49 years,86.5,81.9 - 91.0
Nevada,Age,18 – 49 years,73.9,67.2 - 80.6
Missouri,Age,18 – 49 years,72.3,64.2 - 80.3
Mississippi,Age,18 – 49 years,63.5,55.9 - 71.2
Kansas,Age,18 – 49 years,69.5,63.5 - 75.5
North Dakota,Age,18 – 49 years,60.2,52.3 - 68.1
Hawaii,Age,18 – 49 years,85.3,81.3 - 89.3
Maryland,Age,18 – 49 years,84.0,78.6 - 89.4
Oregon,Age,18 – 49 years,81.7,78.4 - 85.1
Indiana,Age,18 – 49 years,65.8,61.1 - 70.5
Ohio,Age,18 – 49 years,66.8,60.4 - 73.3
Utah,Age,18 – 49 years,77.5,71.8 - 83.2
Alabama,Age,18 – 49 years,59.2,53.0 - 65.4
Louisiana,Age,18 – 49 years,65.3,59.0 - 71.6
Iowa,Age,18 – 49 years,72.4,65.4 - 79.4
Massachusetts,Age,18 – 49 years,90.5,87.6 - 93.5
District of Columbia,Age,18 – 49 years,93.1,90.6 - 95.6
New Hampshire,Age,18 – 49 years,79.3,74.2 - 84.4
Connecticut,Age,18 – 49 years,92.3,86.9 - 97.7
Georgia,Age,18 – 49 years,66.0,57.8 - 74.2
California,Age,18 – 49 years,79.8,74.4 - 85.3
Alaska,Age,18 – 49 years,72.5,65.6 - 79.4
Kentucky,Age,18 – 49 years,67.9,60.4 - 75.4
Delaware,Age,18 – 49 years,79.5,75.2 - 83.8
New Jersey,Age,18 – 49 years,85.4,81.9 - 88.9
Idaho,Age,18 – 49 years,62.1,54.7 - 69.5
Maine,Age,18 – 49 years,78.5,74.3 - 82.7
Nebraska,Age,18 – 49 years,75.3,69.6 - 81.1
Virginia,Age,18 – 49 years,84.5,81.4 - 87.6
Wyoming,Age,18 – 49 years,61.6,55.1 - 68.1
Texas,Age,18 – 49 years,74.9,70.7 - 79.2
Arkansas,Age,18 – 49 years,74.3,67.3 - 81.4
Minnesota,Age,18 – 49 years,77.6,73.2 - 82.0
West Virginia,Age,18 – 49 years,67.6,63.4 - 71.9
Florida,Age,18 – 49 years,72.9,65.3 - 80.6
NY-Rest of State,Age,18 – 49 years,82.6,77.8 - 87.3
IL-City of Chicago,Age,18 – 49 years,87.4,83.7 - 91.1
TX-Rest of State,Age,18 – 49 years,73.8,68.8 - 78.7
TX-Bexar County,Age,18 – 49 years,81.3,77.4 - 85.2
IL-Rest of state,Age,18 – 49 years,78.3,74.0 - 82.6
PA-Philadelphia County,Age,18 – 49 years,87.9,84.2 - 91.5
NY-City of New York,Age,18 – 49 years,94.0,91.0 - 96.9
PA-Rest of State,Age,18 – 49 years,71.4,67.1 - 75.6
TX-City of Houston,Age,18 – 49 years,82.0,78.6 - 85.4
South Carolina,Age,50 – 64 years,78.1,72.8 - 83.5
Oregon,Age,50 – 64 years,85.6,81.6 - 89.7
Kentucky,Age,50 – 64 years,86.7,81.4 - 92.1
Vermont,Age,50 – 64 years,91.4,82.3 - 100.0
Ohio,Age,50 – 64 years,89.3,84.6 - 94.0
Missouri,Age,50 – 64 years,83.6,76.2 - 91.0
Nevada,Age,50 – 64 years,73.9,64.0 - 83.7
Alabama,Age,50 – 64 years,80.5,74.5 - 86.6
New York,Age,50 – 64 years,90.5,86.6 - 94.3
Connecticut,Age,50 – 64 years,90.2,79.2 - 100.0
Minnesota,Age,50 – 64 years,85.4,80.1 - 90.7
North Carolina,Age,50 – 64 years,83.7,78.1 - 89.4
South Dakota,Age,50 – 64 years,79.9,72.8 - 87.1
Puerto Rico,Age,50 – 64 years,92.7,89.4 - 96.0
Arkansas,Age,50 – 64 years,83.5,76.0 - 91.1
Utah,Age,50 – 64 years,78.6,68.5 - 88.7
Maine,Age,50 – 64 years,83.0,78.4 - 87.7
Alaska,Age,50 – 64 years,85.1,77.5 - 92.7
Montana,Age,50 – 64 years,79.5,74.4 - 84.5
Massachusetts,Age,50 – 64 years,91.8,87.4 - 96.2
Idaho,Age,50 – 64 years,70.5,60.0 - 81.0
New Hampshire,Age,50 – 64 years,88.7,84.6 - 92.8
Tennessee,Age,50 – 64 years,69.8,57.2 - 82.3
Wisconsin,Age,50 – 64 years,85.4,78.9 - 91.8
Maryland,Age,50 – 64 years,96.5,92.7 - 100.0
Kansas,Age,50 – 64 years,82.6,75.8 - 89.5
California,Age,50 – 64 years,88.6,82.4 - 94.8
Wyoming,Age,50 – 64 years,58.7,50.6 - 66.8
District of Columbia,Age,50 – 64 years,94.4,91.0 - 97.9
Texas,Age,50 – 64 years,86.4,81.6 - 91.1
New Mexico,Age,50 – 64 years,85.1,79.4 - 90.8
Louisiana,Age,50 – 64 years,77.3,70.0 - 84.7
Oklahoma,Age,50 – 64 years,78.3,72.8 - 83.9
Pennsylvania,Age,50 – 64 years,81.0,76.4 - 85.5
Washington,Age,50 – 64 years,79.7,69.8 - 89.6
Mississippi,Age,50 – 64 years,78.7,70.0 - 87.3
Delaware,Age,50 – 64 years,87.8,83.9 - 91.7
North Dakota,Age,50 – 64 years,73.6,61.8 - 85.4
New Jersey,Age,50 – 64 years,91.5,87.8 - 95.3
Indiana,Age,50 – 64 years,79.0,73.5 - 84.4
Colorado,Age,50 – 64 years,77.8,70.5 - 85.1
West Virginia,Age,50 – 64 years,74.8,70.3 - 79.4
Florida,Age,50 – 64 years,80.0,70.7 - 89.4
Virginia,Age,50 – 64 years,86.9,82.6 - 91.2
Arizona,Age,50 – 64 years,81.0,73.4 - 88.7
Iowa,Age,50 – 64 years,75.1,65.4 - 84.9
Georgia,Age,50 – 64 years,82.4,71.6 - 93.3
Illinois,Age,50 – 64 years,84.4,79.9 - 88.9
Nebraska,Age,50 – 64 years,85.0,78.8 - 91.3
Michigan,Age,50 – 64 years,79.4,67.8 - 91.0
Rhode Island,Age,50 – 64 years,89.1,80.4 - 97.8
Hawaii,Age,50 – 64 years,90.4,86.4 - 94.5
IL-City of Chicago,Age,50 – 64 years,91.0,85.8 - 96.1
TX-Rest of State,Age,50 – 64 years,85.9,80.5 - 91.4
TX-City of Houston,Age,50 – 64 years,88.7,84.3 - 93.2
PA-Rest of State,Age,50 – 64 years,79.9,74.9 - 84.9
TX-Bexar County,Age,50 – 64 years,89.6,85.9 - 93.3
NY-City of New York,Age,50 – 64 years,93.6,88.1 - 99.2
PA-Philadelphia County,Age,50 – 64 years,90.5,85.9 - 95.0
NY-Rest of State,Age,50 – 64 years,88.5,83.3 - 93.6
IL-Rest of state,Age,50 – 64 years,83.0,77.7 - 88.2
Indiana,Age,65+ years,91.4,87.6 - 95.2
California,Age,65+ years,93.9,89.9 - 97.9
New York,Age,65+ years,95.5,92.8 - 98.2
New Jersey,Age,65+ years,90.9,86.6 - 95.1
Alaska,Age,65+ years,89.2,83.4 - 95.0
Puerto Rico,Age,65+ years,93.0,89.9 - 96.0
Florida,Age,65+ years,91.7,85.0 - 98.4
New Hampshire,Age,65+ years,95.9,93.6 - 98.1
District of Columbia,Age,65+ years,96.7,93.7 - 99.7
Maryland,Age,65+ years,95.2,90.5 - 100.0
Pennsylvania,Age,65+ years,90.2,86.9 - 93.5
Delaware,Age,65+ years,95.2,92.9 - 97.4
Texas,Age,65+ years,92.1,88.1 - 96.0
Iowa,Age,65+ years,92.8,87.2 - 98.4
Utah,Age,65+ years,93.8,89.3 - 98.4
Minnesota,Age,65+ years,89.8,85.4 - 94.1
North Dakota,Age,65+ years,92.8,87.7 - 97.8
Washington,Age,65+ years,95.5,91.8 - 99.1
Illinois,Age,65+ years,91.4,87.6 - 95.1
Wyoming,Age,65+ years,82.3,76.0 - 88.5
South Carolina,Age,65+ years,90.5,87.1 - 93.9
South Dakota,Age,65+ years,90.0,85.6 - 94.5
Kansas,Age,65+ years,89.0,82.5 - 95.5
Arizona,Age,65+ years,89.6,83.8 - 95.3
Arkansas,Age,65+ years,90.2,84.0 - 96.3
Colorado,Age,65+ years,93.6,89.6 - 97.5
Oklahoma,Age,65+ years,85.4,79.4 - 91.4
Georgia,Age,65+ years,95.3,90.9 - 99.7
Missouri,Age,65+ years,87.0,79.3 - 94.7
North Carolina,Age,65+ years,87.3,81.9 - 92.7
Wisconsin,Age,65+ years,92.9,88.4 - 97.5
Maine,Age,65+ years,92.7,89.5 - 95.8
Nevada,Age,65+ years,91.8,86.2 - 97.4
Ohio,Age,65+ years,93.4,89.8 - 96.9
West Virginia,Age,65+ years,89.9,86.8 - 92.9
Vermont,Age,65+ years,96.1,94.0 - 98.3
Massachusetts,Age,65+ years,94.1,91.1 - 97.0
Idaho,Age,65+ years,89.7,82.7 - 96.6
Kentucky,Age,65+ years,89.9,84.1 - 95.7
Oregon,Age,65+ years,91.7,88.2 - 95.1
Alabama,Age,65+ years,88.6,83.8 - 93.5
Louisiana,Age,65+ years,87.5,80.6 - 94.3
Rhode Island,Age,65+ years,94.5,87.1 - 100.0
Nebraska,Age,65+ years,92.4,88.3 - 96.5
Virginia,Age,65+ years,93.7,91.1 - 96.4
Montana,Age,65+ years,87.0,83.6 - 90.4
Mississippi,Age,65+ years,83.8,76.0 - 91.7
New Mexico,Age,65+ years,94.5,91.3 - 97.7
Hawaii,Age,65+ years,91.0,87.0 - 94.9
Michigan,Age,65+ years,83.2,71.9 - 94.6
Tennessee,Age,65+ years,82.7,71.2 - 94.2
IL-City of Chicago,Age,65+ years,91.7,86.7 - 96.7
NY-City of New York,Age,65+ years,96.1,91.4 - 100.0
PA-Rest of State,Age,65+ years,89.5,85.8 - 93.1
TX-City of Houston,Age,65+ years,94.5,91.4 - 97.7
NY-Rest of State,Age,65+ years,95.1,91.9 - 98.4
IL-Rest of state,Age,65+ years,91.3,86.8 - 95.7
PA-Philadelphia County,Age,65+ years,97.0,94.7 - 99.2
TX-Bexar County,Age,65+ years,93.0,90.1 - 95.9
TX-Rest of State,Age,65+ years,91.8,87.3 - 96.4
Montana,Sex,Female,75.9,71.9 - 79.9
Missouri,Sex,Female,79.2,72.2 - 86.2
Alabama,Sex,Female,72.2,66.9 - 77.5
Utah,Sex,Female,81.8,76.2 - 87.5
California,Sex,Female,87.6,82.9 - 92.2
Virginia,Sex,Female,88.9,86.0 - 91.7
Pennsylvania,Sex,Female,82.5,79.4 - 85.5
New Jersey,Sex,Female,89.5,86.5 - 92.5
Mississippi,Sex,Female,74.1,67.4 - 80.8
Wisconsin,Sex,Female,88.4,84.3 - 92.6
Arizona,Sex,Female,82.2,76.7 - 87.8
Georgia,Sex,Female,77.8,70.6 - 85.0
Alaska,Sex,Female,78.3,71.6 - 84.9
Arkansas,Sex,Female,87.1,82.1 - 92.1
New Hampshire,Sex,Female,89.2,85.6 - 92.8
Tennessee,Sex,Female,67.4,57.8 - 77.0
Oklahoma,Sex,Female,73.2,68.5 - 78.0
Ohio,Sex,Female,82.5,77.4 - 87.5
South Dakota,Sex,Female,77.7,72.6 - 82.8
South Carolina,Sex,Female,80.9,77.2 - 84.6
Kansas,Sex,Female,78.3,72.9 - 83.7
Kentucky,Sex,Female,76.7,70.1 - 83.3
Louisiana,Sex,Female,73.6,67.8 - 79.4
Iowa,Sex,Female,81.2,75.2 - 87.3
Texas,Sex,Female,83.1,79.1 - 87.1
Rhode Island,Sex,Female,90.8,85.8 - 95.9
Maine,Sex,Female,85.1,81.8 - 88.5
New York,Sex,Female,90.7,88.1 - 93.3
Illinois,Sex,Female,86.2,83.2 - 89.2
District of Columbia,Sex,Female,95.8,93.7 - 98.0
Idaho,Sex,Female,68.7,61.5 - 75.9
Massachusetts,Sex,Female,93.8,91.4 - 96.2
Oregon,Sex,Female,88.5,85.8 - 91.2
Maryland,Sex,Female,90.2,85.9 - 94.5
North Dakota,Sex,Female,72.3,64.3 - 80.3
Indiana,Sex,Female,74.1,69.7 - 78.4
West Virginia,Sex,Female,77.4,74.0 - 80.9
Nebraska,Sex,Female,86.5,81.9 - 91.1
Nevada,Sex,Female,79.3,72.0 - 86.5
New Mexico,Sex,Female,84.2,79.4 - 88.9
Hawaii,Sex,Female,90.4,87.1 - 93.6
Minnesota,Sex,Female,85.8,81.9 - 89.7
Florida,Sex,Female,83.8,77.7 - 90.0
Colorado,Sex,Female,85.8,82.0 - 89.7
Washington,Sex,Female,91.0,87.2 - 94.8
Vermont,Sex,Female,94.1,89.7 - 98.4
Puerto Rico,Sex,Female,92.5,89.9 - 95.2
North Carolina,Sex,Female,82.6,78.5 - 86.8
Connecticut,Sex,Female,90.6,84.0 - 97.3
Wyoming,Sex,Female,65.7,59.7 - 71.8
Michigan,Sex,Female,81.2,73.8 - 88.5
Delaware,Sex,Female,88.2,85.2 - 91.3
NY-Rest of State,Sex,Female,88.1,84.1 - 92.0
TX-Bexar County,Sex,Female,86.8,83.5 - 90.2
TX-Rest of State,Sex,Female,82.7,78.1 - 87.3
TX-City of Houston,Sex,Female,84.7,81.3 - 88.2
IL-Rest of state,Sex,Female,85.3,81.7 - 89.0
PA-Philadelphia County,Sex,Female,91.9,89.0 - 94.8
NY-City of New York,Sex,Female,94.1,91.0 - 97.3
IL-City of Chicago,Sex,Female,89.5,85.5 - 93.4
PA-Rest of State,Sex,Female,81.1,77.6 - 84.5
West Virginia,Sex,Male,72.0,68.2 - 75.8
California,Sex,Male,81.5,76.1 - 86.8
Oklahoma,Sex,Male,72.2,67.2 - 77.1
Hawaii,Sex,Male,85.1,81.3 - 88.9
Alabama,Sex,Male,70.4,64.6 - 76.2
Kansas,Sex,Male,75.1,69.3 - 80.9
District of Columbia,Sex,Male,91.9,88.8 - 95.0
Rhode Island,Sex,Male,89.6,83.3 - 95.9
New Hampshire,Sex,Male,81.4,77.0 - 85.9
Montana,Sex,Male,65.5,61.1 - 69.9
Tennessee,Sex,Male,73.3,63.8 - 82.7
North Dakota,Sex,Male,67.4,59.7 - 75.1
Wisconsin,Sex,Male,75.5,69.4 - 81.6
Indiana,Sex,Male,74.5,70.0 - 78.9
Massachusetts,Sex,Male,89.4,86.2 - 92.7
Missouri,Sex,Male,77.8,70.6 - 85.0
New Jersey,Sex,Male,86.9,83.6 - 90.3
Iowa,Sex,Male,73.2,66.0 - 80.4
Texas,Sex,Male,77.3,73.0 - 81.6
Arkansas,Sex,Male,72.9,65.6 - 80.2
Maryland,Sex,Male,88.7,83.6 - 93.8
Utah,Sex,Male,78.6,72.0 - 85.2
South Dakota,Sex,Male,67.2,61.3 - 73.0
Delaware,Sex,Male,82.6,78.7 - 86.5
South Carolina,Sex,Male,70.5,66.0 - 75.0
Wyoming,Sex,Male,64.9,59.0 - 70.9
Idaho,Sex,Male,71.3,63.6 - 78.9
Georgia,Sex,Male,72.8,64.1 - 81.6
Illinois,Sex,Male,81.2,77.7 - 84.8
New York,Sex,Male,90.1,87.3 - 92.8
Arizona,Sex,Male,75.3,68.4 - 82.1
Mississippi,Sex,Male,68.5,60.9 - 76.2
Puerto Rico,Sex,Male,94.5,92.2 - 96.7
Kentucky,Sex,Male,77.0,70.0 - 83.9
Pennsylvania,Sex,Male,76.6,72.9 - 80.2
North Carolina,Sex,Male,78.4,73.8 - 83.1
Florida,Sex,Male,75.4,68.1 - 82.7
Vermont,Sex,Male,89.6,82.3 - 96.9
Louisiana,Sex,Male,71.4,65.2 - 77.6
Nebraska,Sex,Male,76.1,70.4 - 81.7
Oregon,Sex,Male,81.2,77.8 - 84.6
Ohio,Sex,Male,74.3,68.4 - 80.2
Connecticut,Sex,Male,96.3,92.8 - 99.9
Alaska,Sex,Male,77.9,71.0 - 84.7
Michigan,Sex,Male,72.3,62.7 - 81.8
New Mexico,Sex,Male,80.2,74.9 - 85.4
Virginia,Sex,Male,85.0,81.9 - 88.0
Nevada,Sex,Male,76.3,70.2 - 82.4
Colorado,Sex,Male,83.3,79.1 - 87.5
Minnesota,Sex,Male,78.7,74.4 - 83.1
Maine,Sex,Male,81.5,77.7 - 85.2
Washington,Sex,Male,82.2,76.2 - 88.2
PA-Rest of State,Sex,Male,75.2,71.1 - 79.3
IL-Rest of state,Sex,Male,79.2,75.0 - 83.5
IL-City of Chicago,Sex,Male,88.7,85.2 - 92.2
TX-Bexar County,Sex,Male,83.1,79.2 - 87.0
TX-City of Houston,Sex,Male,85.9,82.6 - 89.3
PA-Philadelphia County,Sex,Male,87.1,82.9 - 91.4
NY-City of New York,Sex,Male,95.4,92.5 - 98.3
TX-Rest of State,Sex,Male,76.1,71.1 - 81.2
NY-Rest of State,Sex,Male,86.3,82.1 - 90.5
Maine,Age,18 – 49 years,77.6,68.0 - 87.2
Arizona,Age,18 – 49 years,73.5,67.8 - 79.3
Florida,Age,18 – 49 years,69.3,60.8 - 77.7
Pennsylvania,Age,18 – 49 years,74.9,70.6 - 79.1
New Mexico,Age,18 – 49 years,79.8,75.7 - 83.9
New Jersey,Age,18 – 49 years,83.1,77.6 - 88.7
West Virginia,Age,18 – 49 years,73.0,61.6 - 84.4
Wyoming,Age,18 – 49 years,58.3,52.9 - 63.8
Iowa,Age,18 – 49 years,75.5,65.9 - 85.1
Texas,Age,18 – 49 years,68.0,61.4 - 74.6
Washington,Age,18 – 49 years,84.8,77.2 - 92.3
Oklahoma,Age,18 – 49 years,63.7,59.1 - 68.3
Arkansas,Age,18 – 49 years,73.0,67.3 - 78.7
Tennessee,Age,18 – 49 years,71.1,62.5 - 79.6
NY-City of New York,Age,18 – 49 years,91.7,87.2 - 96.2
South Dakota,Age,18 – 49 years,68.2,62.9 - 73.6
Illinois,Age,18 – 49 years,83.6,80.5 - 86.7
New York,Age,18 – 49 years,85.5,81.8 - 89.2
PA-Rest of State,Age,18 – 49 years,73.6,68.7 - 78.4
IL-Rest of state,Age,18 – 49 years,83.3,79.6 - 87.0
TX-City of Houston,Age,18 – 49 years,81.4,76.0 - 86.8
Alaska,Age,18 – 49 years,76.4,69.8 - 82.9
TX-Rest of State,Age,18 – 49 years,65.9,58.2 - 73.5
NY-Rest of State,Age,18 – 49 years,80.3,74.5 - 86.0
IL-City of Chicago,Age,18 – 49 years,84.6,79.3 - 90.0
Oregon,Age,18 – 49 years,78.5,73.0 - 84.0
Utah,Age,18 – 49 years,84.6,78.7 - 90.4
TX-Bexar County,Age,18 – 49 years,78.9,72.3 - 85.6
PA-Philadelphia County,Age,18 – 49 years,82.6,77.7 - 87.6
Louisiana,Age,18 – 49 years,70.2,64.2 - 76.2
Nebraska,Age,18 – 49 years,71.9,63.4 - 80.5
Michigan,Age,18 – 49 years,74.9,65.7 - 84.1
Alabama,Age,18 – 49 years,65.7,59.7 - 71.8
Connecticut,Age,18 – 49 years,85.6,77.8 - 93.5
Delaware,Age,18 – 49 years,79.2,69.1 - 89.3
New Hampshire,Age,18 – 49 years,76.0,70.0 - 82.0
South Carolina,Age,18 – 49 years,79.2,71.2 - 87.2
Maryland,Age,18 – 49 years,83.6,76.2 - 91.0
Nevada,Age,18 – 49 years,71.6,67.0 - 76.3
Indiana,Age,18 – 49 years,69.9,63.2 - 76.6
North Carolina,Age,18 – 49 years,73.7,69.2 - 78.2
Missouri,Age,18 – 49 years,69.4,60.3 - 78.6
Mississippi,Age,18 – 49 years,65.4,58.5 - 72.2
Idaho,Age,18 – 49 years,60.8,53.1 - 68.5
Minnesota,Age,18 – 49 years,78.3,73.9 - 82.7
District of Columbia,Age,18 – 49 years,92.0,88.4 - 95.6
U.S. Virgin Islands,Age,18 – 49 years,65.2,55.0 - 75.4
Georgia,Age,18 – 49 years,74.8,65.1 - 84.6
Ohio,Age,18 – 49 years,64.9,56.0 - 73.8
North Dakota,Age,18 – 49 years,66.2,59.5 - 72.8
Colorado,Age,18 – 49 years,83.3,78.5 - 88.1
Kentucky,Age,18 – 49 years,71.2,64.0 - 78.4
Puerto Rico,Age,18 – 49 years,95.1,92.8 - 97.4
Virginia,Age,18 – 49 years,85.3,82.5 - 88.0
Massachusetts,Age,18 – 49 years,89.8,86.5 - 93.1
Vermont,Age,18 – 49 years,86.5,77.5 - 95.4
California,Age,18 – 49 years,85.6,81.5 - 89.7
Kansas,Age,18 – 49 years,72.6,66.8 - 78.4
Rhode Island,Age,18 – 49 years,85.5,76.7 - 94.3
Montana,Age,18 – 49 years,58.4,49.8 - 67.0
Wisconsin,Age,18 – 49 years,68.5,62.4 - 74.6
Hawaii,Age,18 – 49 years,92.1,88.6 - 95.6
Oregon,Age,50 – 64 years,87.5,81.0 - 94.1
Alaska,Age,50 – 64 years,76.6,68.1 - 85.1
Hawaii,Age,50 – 64 years,92.9,88.4 - 97.4
North Carolina,Age,50 – 64 years,81.5,76.4 - 86.6
Pennsylvania,Age,50 – 64 years,84.9,80.6 - 89.1
South Carolina,Age,50 – 64 years,80.8,69.7 - 91.9
Rhode Island,Age,50 – 64 years,85.6,73.1 - 98.1
Wisconsin,Age,50 – 64 years,82.2,76.3 - 88.1
Maryland,Age,50 – 64 years,90.4,82.4 - 98.5
Arkansas,Age,50 – 64 years,84.8,79.1 - 90.5
Vermont,Age,50 – 64 years,91.5,82.2 - 100.0
Arizona,Age,50 – 64 years,79.2,72.4 - 86.0
Massachusetts,Age,50 – 64 years,94.2,91.5 - 96.9
U.S. Virgin Islands,Age,50 – 64 years,81.6,73.2 - 89.9
TX-Rest of State,Age,50 – 64 years,85.7,77.5 - 93.9
South Dakota,Age,50 – 64 years,75.7,70.3 - 81.1
Colorado,Age,50 – 64 years,87.0,80.2 - 93.7
Alabama,Age,50 – 64 years,73.1,66.8 - 79.5
New York,Age,50 – 64 years,86.6,81.1 - 92.1
PA-Rest of State,Age,50 – 64 years,84.0,79.3 - 88.7
North Dakota,Age,50 – 64 years,78.6,69.9 - 87.2
New Jersey,Age,50 – 64 years,94.6,90.8 - 98.4
NY-Rest of State,Age,50 – 64 years,81.6,73.2 - 90.0
NY-City of New York,Age,50 – 64 years,94.7,90.7 - 98.6
TX-Bexar County,Age,50 – 64 years,96.1,92.0 - 100.0
PA-Philadelphia County,Age,50 – 64 years,92.3,87.8 - 96.8
Montana,Age,50 – 64 years,72.7,63.7 - 81.8
TX-City of Houston,Age,50 – 64 years,91.9,87.5 - 96.2
IL-Rest of state,Age,50 – 64 years,88.8,85.4 - 92.3
IL-City of Chicago,Age,50 – 64 years,88.9,80.5 - 97.3
Texas,Age,50 – 64 years,86.8,79.6 - 93.9
Illinois,Age,50 – 64 years,88.8,85.6 - 92.1
Washington,Age,50 – 64 years,82.8,69.3 - 96.2
Georgia,Age,50 – 64 years,82.8,69.1 - 96.5
Iowa,Age,50 – 64 years,85.0,76.2 - 93.9
Connecticut,Age,50 – 64 years,87.3,79.5 - 95.0
Delaware,Age,50 – 64 years,88.8,79.1 - 98.5
Puerto Rico,Age,50 – 64 years,96.8,94.6 - 99.0
Idaho,Age,50 – 64 years,71.0,61.1 - 80.9
Tennessee,Age,50 – 64 years,79.3,67.5 - 91.1
Kansas,Age,50 – 64 years,69.0,60.3 - 77.8
Maine,Age,50 – 64 years,88.6,81.8 - 95.5
District of Columbia,Age,50 – 64 years,92.9,88.9 - 96.9
California,Age,50 – 64 years,89.1,84.0 - 94.3
West Virginia,Age,50 – 64 years,89.1,81.3 - 96.9
Michigan,Age,50 – 64 years,85.6,72.5 - 98.8
Missouri,Age,50 – 64 years,79.8,68.6 - 91.0
Wyoming,Age,50 – 64 years,69.1,63.1 - 75.2
Virginia,Age,50 – 64 years,85.8,82.0 - 89.7
Florida,Age,50 – 64 years,71.9,60.3 - 83.6
Louisiana,Age,50 – 64 years,75.3,68.1 - 82.4
Mississippi,Age,50 – 64 years,75.9,68.4 - 83.4
Nevada,Age,50 – 64 years,84.6,80.3 - 88.8
Nebraska,Age,50 – 64 years,79.1,68.5 - 89.7
Oklahoma,Age,50 – 64 years,75.5,70.1 - 80.8
Kentucky,Age,50 – 64 years,63.1,49.6 - 76.5
Utah,Age,50 – 64 years,95.8,91.8 - 99.8
New Mexico,Age,50 – 64 years,88.4,84.1 - 92.6
Ohio,Age,50 – 64 years,78.6,68.8 - 88.4
New Hampshire,Age,50 – 64 years,89.9,84.8 - 94.9
Indiana,Age,50 – 64 years,84.4,78.3 - 90.6
Minnesota,Age,50 – 64 years,88.5,84.0 - 93.0
Rhode Island,Age,65+ years,96.6,89.7 - 100.0
New Jersey,Age,65+ years,98.7,97.3 - 100.0
Missouri,Age,65+ years,90.5,83.9 - 97.1
Nevada,Age,65+ years,91.7,88.6 - 94.8
Indiana,Age,65+ years,93.1,88.4 - 97.7
Puerto Rico,Age,65+ years,94.1,91.5 - 96.6
Louisiana,Age,65+ years,87.1,80.9 - 93.3
California,Age,65+ years,93.0,88.6 - 97.5
Massachusetts,Age,65+ years,93.9,90.7 - 97.2
Texas,Age,65+ years,92.8,88.3 - 97.3
Michigan,Age,65+ years,92.0,80.6 - 100.0
Colorado,Age,65+ years,96.5,94.6 - 98.5
Virginia,Age,65+ years,92.1,89.1 - 95.0
South Carolina,Age,65+ years,90.3,84.2 - 96.4
Vermont,Age,65+ years,90.5,78.0 - 100.0
Montana,Age,65+ years,92.2,88.0 - 96.4
IL-Rest of state,Age,65+ years,95.5,93.5 - 97.5
Nebraska,Age,65+ years,79.2,67.8 - 90.7
Delaware,Age,65+ years,97.5,93.3 - 100.0
Hawaii,Age,65+ years,92.2,87.2 - 97.1
New York,Age,65+ years,88.4,82.2 - 94.6
Maine,Age,65+ years,96.7,93.1 - 100.0
Wyoming,Age,65+ years,84.5,80.3 - 88.8
TX-Rest of State,Age,65+ years,92.7,87.5 - 97.8
TX-Bexar County,Age,65+ years,95.4,92.2 - 98.6
Illinois,Age,65+ years,96.1,94.4 - 97.7
Utah,Age,65+ years,82.5,74.2 - 90.9
Kansas,Age,65+ years,88.1,81.4 - 94.8
Mississippi,Age,65+ years,88.7,83.5 - 93.8
Arkansas,Age,65+ years,88.9,83.5 - 94.3
TX-City of Houston,Age,65+ years,92.3,86.1 - 98.4
Florida,Age,65+ years,87.8,80.1 - 95.4
NY-Rest of State,Age,65+ years,85.4,77.2 - 93.6
NY-City of New York,Age,65+ years,93.3,84.0 - 100.0
Georgia,Age,65+ years,92.6,85.2 - 100.0
South Dakota,Age,65+ years,90.3,86.6 - 94.0
New Hampshire,Age,65+ years,97.1,94.9 - 99.2
Minnesota,Age,65+ years,92.8,89.2 - 96.4
PA-Rest of State,Age,65+ years,91.3,87.4 - 95.1
IL-City of Chicago,Age,65+ years,98.9,97.4 - 100.0
PA-Philadelphia County,Age,65+ years,95.7,93.1 - 98.2
Arizona,Age,65+ years,90.6,86.1 - 95.2
North Carolina,Age,65+ years,91.8,88.4 - 95.1
Alabama,Age,65+ years,90.3,85.9 - 94.6
Oklahoma,Age,65+ years,84.1,79.4 - 88.8
Kentucky,Age,65+ years,92.3,85.4 - 99.2
Idaho,Age,65+ years,84.7,76.7 - 92.7
Wisconsin,Age,65+ years,88.4,82.9 - 93.9
North Dakota,Age,65+ years,88.8,83.0 - 94.5
Tennessee,Age,65+ years,88.1,77.8 - 98.5
Connecticut,Age,65+ years,99.3,98.5 - 100.0
Maryland,Age,65+ years,95.6,90.0 - 100.0
Washington,Age,65+ years,87.8,76.7 - 98.9
District of Columbia,Age,65+ years,99.0,98.0 - 100.0
Alaska,Age,65+ years,89.1,83.0 - 95.2
Pennsylvania,Age,65+ years,91.7,88.2 - 95.2
West Virginia,Age,65+ years,93.0,84.8 - 100.0
New Mexico,Age,65+ years,92.5,89.4 - 95.6
Oregon,Age,65+ years,91.8,87.3 - 96.2
Iowa,Age,65+ years,84.1,67.8 - 100.0
U.S. Virgin Islands,Age,65+ years,88.2,82.1 - 94.3
Ohio,Age,65+ years,86.4,75.3 - 97.5
New Jersey,Sex,Female,90.4,86.1 - 94.7
Mississippi,Sex,Female,75.9,70.1 - 81.8
Colorado,Sex,Female,88.8,84.3 - 93.2
New York,Sex,Female,86.9,83.1 - 90.7
Rhode Island,Sex,Female,88.4,80.6 - 96.1
Kentucky,Sex,Female,76.8,69.8 - 83.8
Wisconsin,Sex,Female,81.4,76.6 - 86.1
Florida,Sex,Female,70.9,63.0 - 78.7
Washington,Sex,Female,83.8,76.1 - 91.6
South Carolina,Sex,Female,87.8,81.7 - 93.9
Michigan,Sex,Female,81.4,73.3 - 89.6
North Carolina,Sex,Female,84.2,80.7 - 87.7
Maryland,Sex,Female,89.3,83.3 - 95.2
Alaska,Sex,Female,79.2,72.6 - 85.8
Louisiana,Sex,Female,79.9,75.0 - 84.9
Arizona,Sex,Female,81.9,77.2 - 86.6
NY-Rest of State,Sex,Female,82.9,77.1 - 88.6
California,Sex,Female,91.6,88.4 - 94.8
New Mexico,Sex,Female,85.5,82.1 - 88.8
Utah,Sex,Female,85.9,80.0 - 91.9
PA-Rest of State,Sex,Female,83.6,79.7 - 87.4
TX-Bexar County,Sex,Female,84.7,78.6 - 90.9
Arkansas,Sex,Female,82.7,77.9 - 87.5
IL-Rest of state,Sex,Female,89.5,86.6 - 92.3
IL-City of Chicago,Sex,Female,87.6,82.2 - 93.0
PA-Philadelphia County,Sex,Female,88.5,84.1 - 92.9
TX-Rest of State,Sex,Female,78.9,72.2 - 85.7
NY-City of New York,Sex,Female,92.1,87.7 - 96.4
Texas,Sex,Female,79.7,73.9 - 85.5
Kansas,Sex,Female,78.6,73.1 - 84.0
TX-City of Houston,Sex,Female,84.1,78.8 - 89.5
Tennessee,Sex,Female,77.5,69.4 - 85.5
Missouri,Sex,Female,78.1,70.1 - 86.0
Nevada,Sex,Female,78.8,74.7 - 83.0
Maine,Sex,Female,89.8,83.9 - 95.7
Virginia,Sex,Female,87.6,85.1 - 90.1
Vermont,Sex,Female,92.1,85.1 - 99.1
Minnesota,Sex,Female,86.4,82.8 - 90.0
North Dakota,Sex,Female,78.6,72.5 - 84.7
West Virginia,Sex,Female,84.4,75.9 - 93.0
Alabama,Sex,Female,76.2,71.3 - 81.1
Oklahoma,Sex,Female,73.5,69.5 - 77.6
Illinois,Sex,Female,89.1,86.5 - 91.6
Delaware,Sex,Female,85.9,76.8 - 95.0
Indiana,Sex,Female,79.6,73.8 - 85.4
South Dakota,Sex,Female,81.0,76.9 - 85.2
Idaho,Sex,Female,77.0,71.1 - 82.8
Wyoming,Sex,Female,71.7,67.2 - 76.2
Nebraska,Sex,Female,81.2,74.4 - 88.0
New Hampshire,Sex,Female,88.7,84.3 - 93.1
Iowa,Sex,Female,80.2,71.0 - 89.4
Hawaii,Sex,Female,94.9,92.1 - 97.7
Pennsylvania,Sex,Female,84.2,80.8 - 87.6
Oregon,Sex,Female,85.0,80.4 - 89.7
Puerto Rico,Sex,Female,95.9,94.0 - 97.7
Ohio,Sex,Female,74.4,66.8 - 82.0
Connecticut,Sex,Female,88.2,81.2 - 95.1
Georgia,Sex,Female,78.5,67.8 - 89.2
Montana,Sex,Female,76.6,69.4 - 83.9
Massachusetts,Sex,Female,93.1,90.3 - 95.8
District of Columbia,Sex,Female,91.8,88.0 - 95.7
U.S. Virgin Islands,Sex,Female,83.7,76.7 - 90.6
Missouri,Sex,Male,75.4,66.3 - 84.4
Vermont,Sex,Male,85.3,75.7 - 95.0
Illinois,Sex,Male,86.2,83.4 - 89.1
Maryland,Sex,Male,86.0,78.6 - 93.4
Kansas,Sex,Male,71.8,65.6 - 77.9
Indiana,Sex,Male,77.4,71.4 - 83.4
Tennessee,Sex,Male,76.9,68.5 - 85.4
California,Sex,Male,84.0,79.6 - 88.5
District of Columbia,Sex,Male,94.4,91.2 - 97.7
Washington,Sex,Male,86.5,78.4 - 94.6
Ohio,Sex,Male,71.2,61.2 - 81.2
New Mexico,Sex,Male,83.6,79.8 - 87.4
U.S. Virgin Islands,Sex,Male,62.7,52.6 - 72.7
Massachusetts,Sex,Male,90.8,87.7 - 93.9
Wisconsin,Sex,Male,70.9,65.2 - 76.6
Florida,Sex,Male,78.6,70.7 - 86.5
Kentucky,Sex,Male,69.9,61.1 - 78.6
South Carolina,Sex,Male,76.0,67.8 - 84.2
Hawaii,Sex,Male,89.3,85.4 - 93.3
New Jersey,Sex,Male,87.3,82.0 - 92.5
Utah,Sex,Male,86.5,79.8 - 93.3
Arizona,Sex,Male,75.9,70.3 - 81.6
New Hampshire,Sex,Male,81.2,76.1 - 86.4
Alabama,Sex,Male,69.6,63.8 - 75.5
Idaho,Sex,Male,59.5,51.2 - 67.8
Alaska,Sex,Male,78.7,72.6 - 84.8
Colorado,Sex,Male,84.6,79.8 - 89.4
TX-Rest of State,Sex,Male,70.9,62.7 - 79.1
TX-Bexar County,Sex,Male,85.7,79.9 - 91.4
PA-Rest of State,Sex,Male,77.2,72.7 - 81.7
NY-Rest of State,Sex,Male,80.1,74.2 - 85.9
IL-Rest of state,Sex,Male,85.3,82.0 - 88.7
IL-City of Chicago,Sex,Male,89.6,84.7 - 94.5
Mississippi,Sex,Male,69.8,63.3 - 76.3
Iowa,Sex,Male,80.4,70.3 - 90.5
TX-City of Houston,Sex,Male,87.8,82.9 - 92.6
PA-Philadelphia County,Sex,Male,85.3,80.5 - 90.1
Arkansas,Sex,Male,76.1,70.7 - 81.5
NY-City of New York,Sex,Male,92.9,88.0 - 97.9
Michigan,Sex,Male,81.7,72.9 - 90.5
Connecticut,Sex,Male,90.2,84.7 - 95.8
Nebraska,Sex,Male,68.2,58.3 - 78.1
Texas,Sex,Male,73.2,66.1 - 80.2
Rhode Island,Sex,Male,87.5,78.4 - 96.5
Virginia,Sex,Male,86.1,83.3 - 88.8
Nevada,Sex,Male,79.0,74.9 - 83.1
New York,Sex,Male,85.5,81.6 - 89.5
Delaware,Sex,Male,86.9,80.3 - 93.4
South Dakota,Sex,Male,68.6,63.6 - 73.6
Puerto Rico,Sex,Male,94.8,92.7 - 97.0
Louisiana,Sex,Male,69.2,62.9 - 75.5
Georgia,Sex,Male,82.9,74.0 - 91.7
Minnesota,Sex,Male,81.8,77.6 - 85.9
Maine,Sex,Male,81.5,73.0 - 89.9
Pennsylvania,Sex,Male,78.1,74.1 - 82.2
West Virginia,Sex,Male,79.9,70.2 - 89.7
Oklahoma,Sex,Male,67.9,63.4 - 72.4
North Carolina,Sex,Male,74.1,69.6 - 78.6
Wyoming,Sex,Male,62.1,56.8 - 67.4
North Dakota,Sex,Male,68.8,62.2 - 75.4
Montana,Sex,Male,63.3,55.7 - 70.9
Oregon,Sex,Male,81.5,76.1 - 87.0
Wisconsin,Age,18 – 49 years,76.5,69.9 - 83.2
Arkansas,Age,18 – 49 years,71.5,64.2 - 78.8
Delaware,Age,18 – 49 years,80.1,75.3 - 84.8
Illinois,Age,18 – 49 years,84.9,82.2 - 87.7
Indiana,Age,18 – 49 years,68.9,64.4 - 73.3
Connecticut,Age,18 – 49 years,85.3,77.7 - 92.9
Kansas,Age,18 – 49 years,75.3,68.0 - 82.7
Missouri,Age,18 – 49 years,76.3,63.2 - 89.4
Massachusetts,Age,18 – 49 years,90.7,88.3 - 93.1
West Virginia,Age,18 – 49 years,69.0,63.4 - 74.6
NY-City of New York,Age,18 – 49 years,88.3,83.3 - 93.4
Hawaii,Age,18 – 49 years,87.9,84.6 - 91.2
U.S. Virgin Islands,Age,18 – 49 years,70.8,64.0 - 77.6
Louisiana,Age,18 – 49 years,66.3,59.9 - 72.7
New Jersey,Age,18 – 49 years,83.4,80.1 - 86.7
California,Age,18 – 49 years,86.3,82.8 - 89.8
North Carolina,Age,18 – 49 years,75.7,69.0 - 82.5
IL-Rest of state,Age,18 – 49 years,83.8,80.3 - 87.2
NY-Rest of State,Age,18 – 49 years,80.4,76.1 - 84.7
TX-Bexar County,Age,18 – 49 years,80.7,76.6 - 84.8
Wyoming,Age,18 – 49 years,58.6,52.0 - 65.3
Mississippi,Age,18 – 49 years,66.6,56.8 - 76.5
PA-Rest of State,Age,18 – 49 years,71.7,68.3 - 75.0
IL-City of Chicago,Age,18 – 49 years,88.4,84.6 - 92.2
TX-City of Houston,Age,18 – 49 years,81.7,77.1 - 86.2
PA-Philadelphia County,Age,18 – 49 years,85.7,81.5 - 89.9
TX-Rest of State,Age,18 – 49 years,73.7,67.8 - 79.6
Utah,Age,18 – 49 years,80.0,72.4 - 87.6
District of Columbia,Age,18 – 49 years,91.7,89.2 - 94.1
Ohio,Age,18 – 49 years,73.7,65.4 - 82.1
New Hampshire,Age,18 – 49 years,84.0,80.7 - 87.3
Minnesota,Age,18 – 49 years,80.6,75.9 - 85.2
Iowa,Age,18 – 49 years,78.5,70.7 - 86.3
Maine,Age,18 – 49 years,77.7,74.2 - 81.1
New Mexico,Age,18 – 49 years,83.3,78.3 - 88.3
New York,Age,18 – 49 years,84.1,80.8 - 87.4
Colorado,Age,18 – 49 years,83.8,80.7 - 87.0
Pennsylvania,Age,18 – 49 years,73.7,70.8 - 76.7
Tennessee,Age,18 – 49 years,71.1,57.4 - 84.8
Texas,Age,18 – 49 years,74.8,69.8 - 79.8
Maryland,Age,18 – 49 years,82.4,77.0 - 87.8
North Dakota,Age,18 – 49 years,64.0,57.9 - 70.2
Nebraska,Age,18 – 49 years,77.2,71.4 - 83.1
Nevada,Age,18 – 49 years,75.1,70.6 - 79.6
South Dakota,Age,18 – 49 years,64.6,58.4 - 70.8
Montana,Age,18 – 49 years,65.2,61.1 - 69.4
Kentucky,Age,18 – 49 years,70.8,63.4 - 78.3
Alaska,Age,18 – 49 years,80.1,75.9 - 84.4
South Carolina,Age,18 – 49 years,74.3,69.5 - 79.1
Idaho,Age,18 – 49 years,62.0,54.2 - 69.7
Michigan,Age,18 – 49 years,74.5,65.8 - 83.2
Oklahoma,Age,18 – 49 years,64.1,57.7 - 70.5
Virginia,Age,18 – 49 years,84.8,82.1 - 87.5
Washington,Age,18 – 49 years,85.6,79.6 - 91.6
Arizona,Age,18 – 49 years,74.7,71.2 - 78.2
Oregon,Age,18 – 49 years,81.3,77.3 - 85.3
Vermont,Age,18 – 49 years,87.8,79.7 - 95.9
Puerto Rico,Age,18 – 49 years,96.1,94.3 - 97.8
Rhode Island,Age,18 – 49 years,87.0,77.8 - 96.2
Florida,Age,18 – 49 years,78.4,71.5 - 85.2
Georgia,Age,18 – 49 years,71.4,61.8 - 81.1
Alabama,Age,18 – 49 years,68.4,63.4 - 73.4
Wyoming,Age,50 – 64 years,69.8,61.5 - 78.1
West Virginia,Age,50 – 64 years,77.1,71.2 - 82.9
Maine,Age,50 – 64 years,85.2,81.7 - 88.7
Virginia,Age,50 – 64 years,88.5,84.9 - 92.1
Vermont,Age,50 – 64 years,89.6,79.1 - 100.0
Rhode Island,Age,50 – 64 years,96.0,91.3 - 100.0
Nevada,Age,50 – 64 years,76.4,70.6 - 82.2
South Dakota,Age,50 – 64 years,81.1,74.5 - 87.6
Massachusetts,Age,50 – 64 years,93.4,90.8 - 96.1
Florida,Age,50 – 64 years,92.0,86.0 - 98.0
Puerto Rico,Age,50 – 64 years,95.2,93.0 - 97.4
Idaho,Age,50 – 64 years,75.2,65.3 - 85.1
Alaska,Age,50 – 64 years,82.7,75.9 - 89.4
IL-Rest of state,Age,50 – 64 years,90.8,87.4 - 94.3
TX-Bexar County,Age,50 – 64 years,86.2,81.2 - 91.2
TX-City of Houston,Age,50 – 64 years,89.0,83.9 - 94.0
Colorado,Age,50 – 64 years,89.1,85.3 - 92.9
California,Age,50 – 64 years,94.1,91.1 - 97.2
NY-City of New York,Age,50 – 64 years,95.7,91.3 - 100.0
Minnesota,Age,50 – 64 years,85.7,80.2 - 91.3
Michigan,Age,50 – 64 years,91.5,82.8 - 100.0
Hawaii,Age,50 – 64 years,91.8,88.0 - 95.7
Illinois,Age,50 – 64 years,90.7,87.6 - 93.7
Indiana,Age,50 – 64 years,77.8,72.6 - 82.9
South Carolina,Age,50 – 64 years,83.9,79.1 - 88.6
TX-Rest of State,Age,50 – 64 years,87.3,81.4 - 93.2
PA-Philadelphia County,Age,50 – 64 years,92.9,89.1 - 96.8
Oregon,Age,50 – 64 years,88.3,84.2 - 92.5
Mississippi,Age,50 – 64 years,83.0,68.9 - 97.1
Washington,Age,50 – 64 years,92.7,84.8 - 100.0
New Hampshire,Age,50 – 64 years,90.5,87.6 - 93.5
IL-City of Chicago,Age,50 – 64 years,89.9,83.7 - 96.1
PA-Rest of State,Age,50 – 64 years,84.4,80.9 - 87.9
NY-Rest of State,Age,50 – 64 years,89.7,85.7 - 93.7
Tennessee,Age,50 – 64 years,56.6,27.4 - 85.7
Georgia,Age,50 – 64 years,78.3,68.8 - 87.8
Arkansas,Age,50 – 64 years,78.9,70.9 - 86.8
New Mexico,Age,50 – 64 years,81.1,74.5 - 87.8
U.S. Virgin Islands,Age,50 – 64 years,76.2,69.2 - 83.3
Louisiana,Age,50 – 64 years,80.7,73.4 - 88.0
Delaware,Age,50 – 64 years,88.2,83.6 - 92.8
Pennsylvania,Age,50 – 64 years,85.3,82.1 - 88.4
Oklahoma,Age,50 – 64 years,78.0,70.3 - 85.8
Montana,Age,50 – 64 years,72.0,66.9 - 77.2
Alabama,Age,50 – 64 years,83.9,79.4 - 88.5
North Dakota,Age,50 – 64 years,69.1,59.6 - 78.6
Ohio,Age,50 – 64 years,77.1,64.0 - 90.1
District of Columbia,Age,50 – 64 years,94.5,91.8 - 97.2
Texas,Age,50 – 64 years,87.3,82.2 - 92.5
Kentucky,Age,50 – 64 years,78.0,66.7 - 89.3
Maryland,Age,50 – 64 years,87.5,80.7 - 94.2
North Carolina,Age,50 – 64 years,84.3,76.8 - 91.8
Connecticut,Age,50 – 64 years,85.3,73.2 - 97.5
Arizona,Age,50 – 64 years,76.2,71.4 - 81.0
Nebraska,Age,50 – 64 years,83.9,75.6 - 92.2
Wisconsin,Age,50 – 64 years,77.9,69.7 - 86.2
New Jersey,Age,50 – 64 years,90.9,87.5 - 94.2
Iowa,Age,50 – 64 years,76.6,62.2 - 91.1
Missouri,Age,50 – 64 years,67.9,43.2 - 92.7
Kansas,Age,50 – 64 years,75.0,61.8 - 88.1
New York,Age,50 – 64 years,92.0,89.0 - 95.0
Arkansas,Age,65+ years,86.0,78.3 - 93.7
Georgia,Age,65+ years,90.2,82.7 - 97.7
U.S. Virgin Islands,Age,65+ years,88.2,83.1 - 93.2
New York,Age,65+ years,91.7,86.6 - 96.8
Massachusetts,Age,65+ years,97.4,95.5 - 99.2
Maryland,Age,65+ years,97.7,94.2 - 100.0
PA-Philadelphia County,Age,65+ years,95.6,92.9 - 98.3
New Mexico,Age,65+ years,91.7,86.6 - 96.8
IL-City of Chicago,Age,65+ years,94.6,88.7 - 100.0
Idaho,Age,65+ years,83.5,73.7 - 93.2
Louisiana,Age,65+ years,87.9,81.6 - 94.3
Ohio,Age,65+ years,97.8,94.2 - 100.0
Arizona,Age,65+ years,87.9,84.3 - 91.5
Minnesota,Age,65+ years,95.7,92.1 - 99.2
TX-Rest of State,Age,65+ years,92.4,87.7 - 97.2
TX-Bexar County,Age,65+ years,95.9,92.9 - 99.0
IL-Rest of state,Age,65+ years,91.7,87.7 - 95.6
NY-City of New York,Age,65+ years,85.4,72.7 - 98.2
TX-City of Houston,Age,65+ years,95.8,91.9 - 99.7
NY-Rest of State,Age,65+ years,95.7,93.0 - 98.4
West Virginia,Age,65+ years,84.6,79.1 - 90.2
PA-Rest of State,Age,65+ years,89.9,86.7 - 93.1
Oklahoma,Age,65+ years,80.5,72.7 - 88.3
Illinois,Age,65+ years,92.2,88.7 - 95.6
South Dakota,Age,65+ years,90.7,86.3 - 95.1
Nevada,Age,65+ years,88.4,83.8 - 93.1
Puerto Rico,Age,65+ years,92.4,89.9 - 94.9
District of Columbia,Age,65+ years,97.5,95.9 - 99.1
North Carolina,Age,65+ years,98.2,97.0 - 99.3
Virginia,Age,65+ years,94.8,92.4 - 97.2
Hawaii,Age,65+ years,92.8,89.8 - 95.8
Kentucky,Age,65+ years,90.6,81.7 - 99.6
Wisconsin,Age,65+ years,90.6,84.8 - 96.5
Nebraska,Age,65+ years,83.2,76.0 - 90.4
Oregon,Age,65+ years,92.3,89.2 - 95.5
Florida,Age,65+ years,91.4,85.4 - 97.4
California,Age,65+ years,92.8,88.9 - 96.7
Michigan,Age,65+ years,90.7,82.1 - 99.3
North Dakota,Age,65+ years,88.1,82.5 - 93.8
Pennsylvania,Age,65+ years,90.4,87.5 - 93.3
Washington,Age,65+ years,86.9,75.1 - 98.7
Alaska,Age,65+ years,86.7,81.3 - 92.1
South Carolina,Age,65+ years,86.1,80.8 - 91.4
Texas,Age,65+ years,92.9,88.7 - 97.0
Iowa,Age,65+ years,96.8,93.9 - 99.7
New Hampshire,Age,65+ years,94.2,92.3 - 96.2
Montana,Age,65+ years,86.0,82.2 - 89.8
Indiana,Age,65+ years,90.4,86.6 - 94.3
Wyoming,Age,65+ years,83.8,78.4 - 89.3
Colorado,Age,65+ years,92.4,88.8 - 95.9
Maine,Age,65+ years,91.7,89.0 - 94.5
Alabama,Age,65+ years,85.8,81.2 - 90.5
Kansas,Age,65+ years,89.6,78.5 - 100.0
Delaware,Age,65+ years,93.8,91.0 - 96.7
New Jersey,Age,65+ years,91.7,88.0 - 95.5
Mississippi,Age,65+ years,87.2,72.3 - 100.0
North Carolina,Sex,Female,80.5,74.6 - 86.3
Vermont,Sex,Female,92.1,86.0 - 98.3
Kansas,Sex,Female,80.9,73.6 - 88.3
Florida,Sex,Female,84.8,79.7 - 90.0
Arizona,Sex,Female,79.8,76.7 - 83.0
New Mexico,Sex,Female,84.6,80.2 - 89.0
Minnesota,Sex,Female,88.2,84.0 - 92.4
Washington,Sex,Female,88.2,82.4 - 94.0
Alaska,Sex,Female,84.6,80.5 - 88.8
Indiana,Sex,Female,77.5,73.6 - 81.4
NY-City of New York,Sex,Female,85.7,79.7 - 91.7
California,Sex,Female,90.5,87.3 - 93.7
Pennsylvania,Sex,Female,82.4,79.9 - 84.8
Virginia,Sex,Female,87.4,84.8 - 90.0
Colorado,Sex,Female,90.0,87.5 - 92.5
Wisconsin,Sex,Female,87.1,82.2 - 91.9
Illinois,Sex,Female,90.2,87.8 - 92.6
Nevada,Sex,Female,79.3,75.1 - 83.5
South Dakota,Sex,Female,82.0,76.9 - 87.1
Idaho,Sex,Female,74.9,67.9 - 81.9
Rhode Island,Sex,Female,94.1,88.0 - 100.0
New Jersey,Sex,Female,89.0,86.3 - 91.7
PA-Philadelphia County,Sex,Female,90.9,87.5 - 94.2
Ohio,Sex,Female,83.1,76.2 - 90.1
Utah,Sex,Female,84.6,76.1 - 93.2
Massachusetts,Sex,Female,93.7,91.7 - 95.7
Mississippi,Sex,Female,71.6,62.3 - 80.9
Maryland,Sex,Female,86.1,81.0 - 91.1
Missouri,Sex,Female,84.4,72.7 - 96.1
NY-Rest of State,Sex,Female,88.7,85.6 - 91.8
IL-City of Chicago,Sex,Female,90.5,86.6 - 94.4
TX-Rest of State,Sex,Female,81.1,75.6 - 86.5
IL-Rest of state,Sex,Female,90.1,87.2 - 93.0
Wyoming,Sex,Female,70.3,64.2 - 76.3
PA-Rest of State,Sex,Female,81.1,78.3 - 83.9
Nebraska,Sex,Female,87.2,82.8 - 91.6
TX-Bexar County,Sex,Female,88.2,84.6 - 91.8
TX-City of Houston,Sex,Female,85.9,81.4 - 90.3
District of Columbia,Sex,Female,93.3,90.9 - 95.6
Tennessee,Sex,Female,72.2,58.5 - 86.0
Hawaii,Sex,Female,89.5,86.3 - 92.7
Iowa,Sex,Female,86.3,80.5 - 92.1
South Carolina,Sex,Female,81.6,77.6 - 85.6
West Virginia,Sex,Female,77.6,73.1 - 82.1
Texas,Sex,Female,81.9,77.2 - 86.6
Alabama,Sex,Female,79.1,75.0 - 83.2
North Dakota,Sex,Female,74.9,69.1 - 80.8
U.S. Virgin Islands,Sex,Female,80.1,74.7 - 85.5
Kentucky,Sex,Female,77.3,70.8 - 83.9
New York,Sex,Female,87.4,84.2 - 90.5
New Hampshire,Sex,Female,90.7,88.4 - 93.0
Michigan,Sex,Female,83.1,76.1 - 90.1
Maine,Sex,Female,87.4,84.9 - 89.9
Montana,Sex,Female,75.3,71.6 - 79.0
Delaware,Sex,Female,86.3,82.4 - 90.1
Louisiana,Sex,Female,78.9,73.4 - 84.5
Arkansas,Sex,Female,81.4,75.3 - 87.5
Connecticut,Sex,Female,91.9,85.6 - 98.1
Puerto Rico,Sex,Female,95.4,93.9 - 97.0
Oklahoma,Sex,Female,73.2,67.6 - 78.8
Georgia,Sex,Female,74.7,64.5 - 84.9
Oregon,Sex,Female,89.5,86.4 - 92.6
Nevada,Sex,Male,76.6,72.3 - 80.9
Georgia,Sex,Male,79.1,69.5 - 88.7
Tennessee,Sex,Male,63.6,49.3 - 77.9
Mississippi,Sex,Male,78.4,68.0 - 88.8
New Jersey,Sex,Male,85.3,82.0 - 88.5
U.S. Virgin Islands,Sex,Male,68.6,61.8 - 75.4
TX-City of Houston,Sex,Male,84.4,79.9 - 89.0
TX-Rest of State,Sex,Male,77.4,71.4 - 83.3
Idaho,Sex,Male,63.8,55.6 - 71.9
Louisiana,Sex,Male,69.5,63.1 - 75.8
PA-Philadelphia County,Sex,Male,86.4,81.8 - 91.0
Arkansas,Sex,Male,72.1,65.1 - 79.1
Kentucky,Sex,Male,76.9,68.7 - 85.0
Michigan,Sex,Male,81.3,72.4 - 90.3
California,Sex,Male,88.2,85.0 - 91.4
PA-Rest of State,Sex,Male,77.7,74.5 - 80.8
TX-Bexar County,Sex,Male,80.6,76.2 - 85.1
Alabama,Sex,Male,73.5,68.8 - 78.1
Connecticut,Sex,Male,85.2,77.0 - 93.4
Washington,Sex,Male,86.6,79.9 - 93.3
Pennsylvania,Sex,Male,78.7,75.9 - 81.5
IL-Rest of state,Sex,Male,83.7,80.3 - 87.0
IL-City of Chicago,Sex,Male,89.2,85.0 - 93.4
Florida,Sex,Male,85.3,78.9 - 91.8
Utah,Sex,Male,71.7,59.3 - 84.1
Maine,Sex,Male,79.5,76.3 - 82.7
Massachusetts,Sex,Male,91.8,89.5 - 94.0
NY-City of New York,Sex,Male,93.8,89.9 - 97.7
NY-Rest of State,Sex,Male,84.3,80.3 - 88.2
South Carolina,Sex,Male,76.6,72.0 - 81.2
New Mexico,Sex,Male,85.3,80.4 - 90.1
Colorado,Sex,Male,83.3,79.9 - 86.7
Ohio,Sex,Male,76.7,67.3 - 86.1
Missouri,Sex,Male,74.0,59.5 - 88.6
Delaware,Sex,Male,85.0,81.1 - 89.0
West Virginia,Sex,Male,71.6,66.3 - 76.8
Alaska,Sex,Male,79.2,74.6 - 83.9
Wisconsin,Sex,Male,72.8,65.9 - 79.8
Oregon,Sex,Male,81.0,77.0 - 85.0
Puerto Rico,Sex,Male,94.4,92.5 - 96.3
Indiana,Sex,Male,73.8,69.3 - 78.2
Maryland,Sex,Male,88.0,83.1 - 93.0
Wyoming,Sex,Male,64.5,58.2 - 70.8
Iowa,Sex,Male,79.4,70.4 - 88.5
Minnesota,Sex,Male,82.1,77.6 - 86.5
South Dakota,Sex,Male,67.2,61.4 - 72.9
Texas,Sex,Male,78.1,73.0 - 83.2
New York,Sex,Male,88.2,85.2 - 91.2
Vermont,Sex,Male,90.4,82.0 - 98.8
District of Columbia,Sex,Male,93.0,90.4 - 95.5
North Carolina,Sex,Male,84.8,78.5 - 91.2
New Hampshire,Sex,Male,85.4,82.4 - 88.4
Illinois,Sex,Male,84.8,82.0 - 87.7
Oklahoma,Sex,Male,68.0,61.3 - 74.7
Montana,Sex,Male,68.8,65.0 - 72.6
North Dakota,Sex,Male,65.5,59.3 - 71.8
Rhode Island,Sex,Male,86.9,76.6 - 97.2
Nebraska,Sex,Male,72.8,66.3 - 79.4
Hawaii,Sex,Male,90.3,87.7 - 93.0
Virginia,Sex,Male,87.8,85.3 - 90.4
Kansas,Sex,Male,76.1,66.8 - 85.4
Arizona,Sex,Male,76.0,72.5 - 79.5
Montana,Age,18 – 49 years,64.1,59.2 - 68.9
Alaska,Age,18 – 49 years,76.0,71.4 - 80.7
Nevada,Age,18 – 49 years,76.7,73.5 - 79.9
IL-Rest of state,Age,18 – 49 years,76.8,73.9 - 79.7
Nebraska,Age,18 – 49 years,72.3,67.9 - 76.7
Rhode Island,Age,18 – 49 years,80.4,71.4 - 89.5
Idaho,Age,18 – 49 years,69.0,62.4 - 75.6
Massachusetts,Age,18 – 49 years,89.4,86.6 - 92.3
Oklahoma,Age,18 – 49 years,63.4,60.4 - 66.3
Texas,Age,18 – 49 years,74.9,70.9 - 78.8
Louisiana,Age,18 – 49 years,69.5,65.9 - 73.2
Puerto Rico,Age,18 – 49 years,96.0,94.4 - 97.6
Tennessee,Age,18 – 49 years,69.2,60.5 - 78.0
TX-Bexar County,Age,18 – 49 years,81.6,78.5 - 84.7
West Virginia,Age,18 – 49 years,63.7,57.1 - 70.4
Maine,Age,18 – 49 years,83.7,80.0 - 87.3
Minnesota,Age,18 – 49 years,82.7,78.8 - 86.6
Delaware,Age,18 – 49 years,79.4,74.6 - 84.2
New Hampshire,Age,18 – 49 years,84.8,81.1 - 88.6
South Dakota,Age,18 – 49 years,68.4,64.8 - 71.9
Connecticut,Age,18 – 49 years,84.9,78.9 - 90.9
North Dakota,Age,18 – 49 years,68.1,62.2 - 73.9
New Jersey,Age,18 – 49 years,85.1,81.8 - 88.3
TX-City of Houston,Age,18 – 49 years,81.8,78.3 - 85.3
North Carolina,Age,18 – 49 years,73.0,69.8 - 76.2
Vermont,Age,18 – 49 years,84.2,71.1 - 97.2
Indiana,Age,18 – 49 years,74.7,69.8 - 79.6
TX-Rest of State,Age,18 – 49 years,73.7,69.0 - 78.3
Oregon,Age,18 – 49 years,84.2,80.9 - 87.5
Florida,Age,18 – 49 years,68.8,61.8 - 75.7
Ohio,Age,18 – 49 years,76.8,68.8 - 84.8
Iowa,Age,18 – 49 years,74.3,69.8 - 78.9
Michigan,Age,18 – 49 years,73.9,64.9 - 82.8
Wyoming,Age,18 – 49 years,50.4,46.1 - 54.6
NY-City of New York,Age,18 – 49 years,89.5,85.2 - 93.7
Illinois,Age,18 – 49 years,80.3,78.0 - 82.7
South Carolina,Age,18 – 49 years,68.3,63.4 - 73.2
Maryland,Age,18 – 49 years,87.7,83.0 - 92.4
Georgia,Age,18 – 49 years,66.6,58.8 - 74.4
Washington,Age,18 – 49 years,81.4,75.7 - 87.1
Hawaii,Age,18 – 49 years,85.3,81.5 - 89.1
Utah,Age,18 – 49 years,85.7,80.3 - 91.1
PA-Rest of State,Age,18 – 49 years,74.1,69.4 - 78.7
Arkansas,Age,18 – 49 years,69.5,65.2 - 73.8
District of Columbia,Age,18 – 49 years,92.8,90.3 - 95.2
Arizona,Age,18 – 49 years,75.5,72.5 - 78.5
Kentucky,Age,18 – 49 years,71.8,67.7 - 75.9
California,Age,18 – 49 years,83.8,80.2 - 87.4
Pennsylvania,Age,18 – 49 years,76.0,72.0 - 80.0
Mississippi,Age,18 – 49 years,65.4,61.1 - 69.7
Alabama,Age,18 – 49 years,59.4,54.7 - 64.0
Colorado,Age,18 – 49 years,81.3,78.1 - 84.6
IL-City of Chicago,Age,18 – 49 years,91.2,88.0 - 94.4
Wisconsin,Age,18 – 49 years,72.8,68.4 - 77.2
New Mexico,Age,18 – 49 years,76.8,73.7 - 80.0
Missouri,Age,18 – 49 years,69.7,63.1 - 76.3
New York,Age,18 – 49 years,86.1,83.1 - 89.1
NY-Rest of State,Age,18 – 49 years,83.2,78.9 - 87.4
PA-Philadelphia County,Age,18 – 49 years,87.1,83.8 - 90.4
U.S. Virgin Islands,Age,18 – 49 years,62.7,54.0 - 71.4
Virginia,Age,18 – 49 years,86.0,82.7 - 89.3
Kansas,Age,18 – 49 years,72.4,68.8 - 76.1
Illinois,Age,50 – 64 years,88.0,85.5 - 90.6
Mississippi,Age,50 – 64 years,75.7,71.5 - 79.9
PA-Philadelphia County,Age,50 – 64 years,87.9,83.1 - 92.6
Missouri,Age,50 – 64 years,83.1,76.0 - 90.2
Washington,Age,50 – 64 years,90.9,85.0 - 96.8
Hawaii,Age,50 – 64 years,90.8,86.9 - 94.6
Colorado,Age,50 – 64 years,84.5,79.8 - 89.3
Pennsylvania,Age,50 – 64 years,81.0,75.8 - 86.1
District of Columbia,Age,50 – 64 years,95.2,92.2 - 98.1
Maine,Age,50 – 64 years,87.8,83.9 - 91.6
New Jersey,Age,50 – 64 years,86.4,81.7 - 91.1
Delaware,Age,50 – 64 years,90.6,87.0 - 94.2
Arkansas,Age,50 – 64 years,76.8,71.2 - 82.3
North Dakota,Age,50 – 64 years,72.2,64.8 - 79.7
Maryland,Age,50 – 64 years,95.2,90.6 - 99.7
Idaho,Age,50 – 64 years,71.8,62.5 - 81.1
Wyoming,Age,50 – 64 years,70.4,65.7 - 75.1
Michigan,Age,50 – 64 years,85.4,73.9 - 96.8
South Dakota,Age,50 – 64 years,79.7,76.1 - 83.2
Alaska,Age,50 – 64 years,83.6,77.6 - 89.6
West Virginia,Age,50 – 64 years,77.7,70.5 - 84.8
Vermont,Age,50 – 64 years,85.6,70.4 - 100.0
South Carolina,Age,50 – 64 years,81.1,75.7 - 86.6
Alabama,Age,50 – 64 years,79.8,75.1 - 84.4
Texas,Age,50 – 64 years,81.7,76.2 - 87.3
Oregon,Age,50 – 64 years,86.0,81.3 - 90.8
Florida,Age,50 – 64 years,80.4,71.6 - 89.3
TX-Rest of State,Age,50 – 64 years,80.6,74.2 - 86.9
Ohio,Age,50 – 64 years,75.6,62.5 - 88.6
U.S. Virgin Islands,Age,50 – 64 years,82.0,74.6 - 89.4
North Carolina,Age,50 – 64 years,81.1,77.0 - 85.3
Tennessee,Age,50 – 64 years,81.6,69.7 - 93.5
Minnesota,Age,50 – 64 years,85.9,80.7 - 91.1
Kentucky,Age,50 – 64 years,82.7,78.6 - 86.8
Montana,Age,50 – 64 years,74.5,68.7 - 80.3
Puerto Rico,Age,50 – 64 years,93.8,91.4 - 96.2
Indiana,Age,50 – 64 years,83.7,78.8 - 88.7
Iowa,Age,50 – 64 years,81.2,75.2 - 87.1
California,Age,50 – 64 years,89.5,85.2 - 93.7
New Mexico,Age,50 – 64 years,84.3,80.7 - 88.0
Louisiana,Age,50 – 64 years,78.1,73.7 - 82.5
Arizona,Age,50 – 64 years,82.4,79.1 - 85.8
IL-City of Chicago,Age,50 – 64 years,95.8,92.7 - 98.9
NY-Rest of State,Age,50 – 64 years,92.8,88.9 - 96.6
PA-Rest of State,Age,50 – 64 years,80.2,74.5 - 85.9
New York,Age,50 – 64 years,94.6,91.9 - 97.3
Massachusetts,Age,50 – 64 years,89.9,85.6 - 94.1
New Hampshire,Age,50 – 64 years,89.3,85.6 - 92.9
Utah,Age,50 – 64 years,90.0,80.4 - 99.5
Nevada,Age,50 – 64 years,83.5,79.8 - 87.1
TX-Bexar County,Age,50 – 64 years,88.8,85.1 - 92.5
NY-City of New York,Age,50 – 64 years,97.6,94.0 - 100.0
Georgia,Age,50 – 64 years,80.5,71.7 - 89.4
Wisconsin,Age,50 – 64 years,84.6,80.1 - 89.0
Oklahoma,Age,50 – 64 years,76.8,73.4 - 80.1
Connecticut,Age,50 – 64 years,90.6,83.7 - 97.4
IL-Rest of state,Age,50 – 64 years,86.4,83.4 - 89.5
Virginia,Age,50 – 64 years,87.1,82.4 - 91.8
Nebraska,Age,50 – 64 years,81.3,76.1 - 86.4
Kansas,Age,50 – 64 years,84.8,80.7 - 88.9
Rhode Island,Age,50 – 64 years,95.8,91.1 - 100.0
TX-City of Houston,Age,50 – 64 years,90.3,86.2 - 94.4
U.S. Virgin Islands,Age,65+ years,93.8,90.4 - 97.2
California,Age,65+ years,94.1,90.7 - 97.5
Tennessee,Age,65+ years,76.3,63.7 - 89.0
New Jersey,Age,65+ years,94.4,91.5 - 97.3
Wyoming,Age,65+ years,81.0,77.4 - 84.5
Minnesota,Age,65+ years,93.3,90.1 - 96.6
Connecticut,Age,65+ years,96.1,91.1 - 100.0
Ohio,Age,65+ years,76.7,64.3 - 89.2
Alaska,Age,65+ years,88.0,82.0 - 93.9
Montana,Age,65+ years,84.4,80.0 - 88.7
Washington,Age,65+ years,93.1,88.1 - 98.1
Florida,Age,65+ years,88.3,80.9 - 95.6
Iowa,Age,65+ years,91.0,87.7 - 94.3
Oklahoma,Age,65+ years,89.2,86.8 - 91.7
Arkansas,Age,65+ years,91.2,88.2 - 94.2
Nevada,Age,65+ years,90.3,87.3 - 93.2
Kansas,Age,65+ years,91.6,88.2 - 94.9
Georgia,Age,65+ years,96.0,88.9 - 100.0
NY-City of New York,Age,65+ years,95.3,90.1 - 100.0
Maryland,Age,65+ years,96.8,92.8 - 100.0
Indiana,Age,65+ years,84.3,77.6 - 91.1
Arizona,Age,65+ years,89.2,86.5 - 91.8
District of Columbia,Age,65+ years,97.0,94.7 - 99.3
South Carolina,Age,65+ years,91.6,88.0 - 95.2
Louisiana,Age,65+ years,88.2,84.9 - 91.5
Utah,Age,65+ years,94.2,87.1 - 100.0
Missouri,Age,65+ years,91.2,84.3 - 98.2
Alabama,Age,65+ years,89.4,86.0 - 92.8
Vermont,Age,65+ years,84.0,65.7 - 100.0
Michigan,Age,65+ years,98.1,95.6 - 100.0
Texas,Age,65+ years,90.7,86.3 - 95.0
North Carolina,Age,65+ years,91.8,89.0 - 94.6
Maine,Age,65+ years,93.2,90.4 - 95.9
Massachusetts,Age,65+ years,95.1,92.4 - 97.7
Puerto Rico,Age,65+ years,92.8,90.3 - 95.3
Hawaii,Age,65+ years,92.7,88.9 - 96.4
Mississippi,Age,65+ years,88.8,85.4 - 92.1
Rhode Island,Age,65+ years,95.3,88.2 - 100.0
Wisconsin,Age,65+ years,89.2,85.1 - 93.3
Oregon,Age,65+ years,89.8,86.0 - 93.7
South Dakota,Age,65+ years,90.7,88.5 - 92.9
New York,Age,65+ years,95.2,92.4 - 98.1
TX-Bexar County,Age,65+ years,93.2,89.9 - 96.5
Idaho,Age,65+ years,85.5,77.7 - 93.4
Virginia,Age,65+ years,93.6,89.8 - 97.4
North Dakota,Age,65+ years,91.5,87.0 - 95.9
New Hampshire,Age,65+ years,94.3,92.1 - 96.5
TX-City of Houston,Age,65+ years,91.4,86.7 - 96.2
PA-Rest of State,Age,65+ years,91.2,87.4 - 95.1
NY-Rest of State,Age,65+ years,95.2,91.8 - 98.5
Kentucky,Age,65+ years,90.3,86.9 - 93.8
New Mexico,Age,65+ years,90.2,87.2 - 93.2
IL-City of Chicago,Age,65+ years,92.7,88.2 - 97.2
Pennsylvania,Age,65+ years,91.3,87.8 - 94.8
Illinois,Age,65+ years,92.1,89.9 - 94.3
Nebraska,Age,65+ years,88.8,84.7 - 92.8
PA-Philadelphia County,Age,65+ years,92.4,88.4 - 96.3
TX-Rest of State,Age,65+ years,90.4,85.4 - 95.4
West Virginia,Age,65+ years,92.6,88.5 - 96.8
Delaware,Age,65+ years,95.6,93.4 - 97.7
Colorado,Age,65+ years,92.1,88.8 - 95.4
IL-Rest of state,Age,65+ years,92.0,89.7 - 94.3
Vermont,Sex,Female,93.3,86.2 - 100.0
Hawaii,Sex,Female,90.1,87.2 - 93.1
Pennsylvania,Sex,Female,85.0,81.7 - 88.3
Maine,Sex,Female,92.5,90.4 - 94.7
District of Columbia,Sex,Female,94.9,92.9 - 97.0
Delaware,Sex,Female,88.5,85.3 - 91.8
North Dakota,Sex,Female,75.4,70.0 - 80.7
Oklahoma,Sex,Female,77.7,75.1 - 80.2
South Dakota,Sex,Female,82.0,79.2 - 84.8
Rhode Island,Sex,Female,90.3,84.4 - 96.3
Utah,Sex,Female,89.2,84.1 - 94.3
Louisiana,Sex,Female,79.9,76.8 - 83.1
New Hampshire,Sex,Female,90.5,87.8 - 93.3
West Virginia,Sex,Female,77.2,71.9 - 82.5
Wisconsin,Sex,Female,82.3,78.6 - 85.9
U.S. Virgin Islands,Sex,Female,77.3,70.1 - 84.5
New Jersey,Sex,Female,89.5,86.8 - 92.3
Alaska,Sex,Female,84.8,80.6 - 89.0
Indiana,Sex,Female,83.7,79.6 - 87.8
IL-City of Chicago,Sex,Female,94.2,91.5 - 97.0
Florida,Sex,Female,78.8,72.8 - 84.8
Idaho,Sex,Female,72.5,66.1 - 78.8
Georgia,Sex,Female,74.5,67.4 - 81.6
TX-Bexar County,Sex,Female,89.1,86.6 - 91.6
Virginia,Sex,Female,86.9,83.5 - 90.2
Puerto Rico,Sex,Female,95.3,93.9 - 96.7
Arizona,Sex,Female,83.4,80.9 - 85.9
Montana,Sex,Female,76.2,71.9 - 80.4
Wyoming,Sex,Female,65.4,61.6 - 69.1
North Carolina,Sex,Female,81.3,78.5 - 84.1
Maryland,Sex,Female,94.2,90.7 - 97.7
Tennessee,Sex,Female,68.7,59.9 - 77.4
Alabama,Sex,Female,75.2,71.4 - 78.9
Michigan,Sex,Female,82.9,75.8 - 90.0
Nevada,Sex,Female,81.7,78.8 - 84.5
NY-Rest of State,Sex,Female,92.6,89.9 - 95.3
Nebraska,Sex,Female,80.7,76.9 - 84.5
Iowa,Sex,Female,82.9,79.0 - 86.8
PA-Rest of State,Sex,Female,84.0,80.3 - 87.8
Kentucky,Sex,Female,80.8,77.4 - 84.2
Missouri,Sex,Female,78.3,72.5 - 84.1
Connecticut,Sex,Female,89.5,84.1 - 95.0
Mississippi,Sex,Female,74.9,71.2 - 78.5
New Mexico,Sex,Female,83.6,80.9 - 86.3
TX-Rest of State,Sex,Female,81.3,76.9 - 85.7
NY-City of New York,Sex,Female,94.0,90.9 - 97.1
IL-Rest of state,Sex,Female,85.2,82.9 - 87.5
California,Sex,Female,88.4,85.3 - 91.6
Colorado,Sex,Female,87.4,84.4 - 90.3
Minnesota,Sex,Female,87.4,83.6 - 91.1
Kansas,Sex,Female,80.8,77.8 - 83.9
South Carolina,Sex,Female,79.9,75.9 - 84.0
Oregon,Sex,Female,87.4,84.1 - 90.7
Illinois,Sex,Female,87.1,85.2 - 89.1
Arkansas,Sex,Female,77.4,73.5 - 81.2
TX-City of Houston,Sex,Female,86.4,83.1 - 89.7
Massachusetts,Sex,Female,94.1,92.1 - 96.2
Washington,Sex,Female,86.8,81.9 - 91.8
Ohio,Sex,Female,74.2,65.3 - 83.1
New York,Sex,Female,93.2,91.1 - 95.3
Texas,Sex,Female,82.2,78.4 - 86.0
PA-Philadelphia County,Sex,Female,91.5,89.0 - 94.1
Missouri,Sex,Male,77.8,71.3 - 84.3
Wisconsin,Sex,Male,76.7,72.6 - 80.8
New Hampshire,Sex,Male,85.3,81.8 - 88.8
Wyoming,Sex,Male,58.4,54.4 - 62.4
Hawaii,Sex,Male,86.8,83.1 - 90.5
California,Sex,Male,86.4,82.9 - 89.9
Oklahoma,Sex,Male,65.8,62.9 - 68.7
New York,Sex,Male,87.2,84.1 - 90.4
Ohio,Sex,Male,79.3,71.0 - 87.7
Puerto Rico,Sex,Male,93.8,91.8 - 95.8
Minnesota,Sex,Male,84.7,81.1 - 88.2
Arkansas,Sex,Male,74.4,70.4 - 78.4
District of Columbia,Sex,Male,92.6,89.7 - 95.5
Illinois,Sex,Male,81.9,79.6 - 84.3
Kentucky,Sex,Male,75.9,72.1 - 79.8
West Virginia,Sex,Male,71.8,65.6 - 77.9
New Jersey,Sex,Male,85.3,81.8 - 88.8
South Carolina,Sex,Male,74.3,69.6 - 79.0
Alabama,Sex,Male,67.2,62.7 - 71.7
Michigan,Sex,Male,82.0,73.2 - 90.8
Texas,Sex,Male,76.9,72.8 - 81.0
NY-City of New York,Sex,Male,91.7,87.0 - 96.4
Indiana,Sex,Male,73.9,68.8 - 79.1
Utah,Sex,Male,85.3,78.6 - 92.0
Mississippi,Sex,Male,70.3,66.3 - 74.4
Arizona,Sex,Male,77.2,74.3 - 80.1
Kansas,Sex,Male,77.6,73.9 - 81.2
Florida,Sex,Male,73.9,67.0 - 80.8
Nebraska,Sex,Male,74.6,70.3 - 78.9
Montana,Sex,Male,67.2,62.8 - 71.7
Tennessee,Sex,Male,79.9,71.2 - 88.5
Idaho,Sex,Male,73.5,66.9 - 80.1
Alaska,Sex,Male,75.2,70.2 - 80.1
South Dakota,Sex,Male,69.9,66.6 - 73.2
Massachusetts,Sex,Male,87.0,83.6 - 90.3
Louisiana,Sex,Male,70.7,67.1 - 74.4
TX-Rest of State,Sex,Male,76.0,71.2 - 80.7
North Dakota,Sex,Male,71.9,66.3 - 77.6
North Carolina,Sex,Male,76.1,72.8 - 79.3
Virginia,Sex,Male,88.8,85.6 - 91.9
Iowa,Sex,Male,76.6,72.1 - 81.0
Colorado,Sex,Male,80.9,77.4 - 84.3
Washington,Sex,Male,85.3,79.3 - 91.2
Oregon,Sex,Male,84.3,80.9 - 87.7
TX-City of Houston,Sex,Male,83.7,79.9 - 87.6
NY-Rest of State,Sex,Male,84.1,79.9 - 88.3
PA-Rest of State,Sex,Male,75.8,71.3 - 80.3
Nevada,Sex,Male,79.8,76.6 - 82.9
Pennsylvania,Sex,Male,76.8,72.8 - 80.8
New Mexico,Sex,Male,79.4,76.3 - 82.5
Vermont,Sex,Male,75.8,60.7 - 90.8
Maryland,Sex,Male,89.3,84.6 - 93.9
TX-Bexar County,Sex,Male,81.0,77.5 - 84.4
U.S. Virgin Islands,Sex,Male,69.5,61.3 - 77.6
Rhode Island,Sex,Male,84.3,74.9 - 93.6
Georgia,Sex,Male,77.7,70.1 - 85.4
Connecticut,Sex,Male,87.8,82.2 - 93.4
IL-Rest of state,Sex,Male,79.7,76.9 - 82.5
PA-Philadelphia County,Sex,Male,84.3,80.2 - 88.5
Maine,Sex,Male,81.6,77.9 - 85.2
Delaware,Sex,Male,83.6,79.3 - 88.0
IL-City of Chicago,Sex,Male,90.4,86.7 - 94.0
